SEGMENT,DISTANCE,ANGLE
AG,3.24086688269240,1.2309528
HN,3.24086683426605,1.2309528
AG,3.19189207409028,1.2309529
HN,3.19189202570979,1.2309529
AG,3.14291445040157,1.230953
HN,3.14291440360788,1.230953
AG,3.09393979301524,1.2309531
HN,3.09393974581322,1.2309531
AG,3.04496396022643,1.2309532
HN,3.04496391477433,1.2309532
AG,2.99598537202951,1.2309533
HN,2.99598532470433,1.2309533
AG,2.94701295133233,1.2309534
HN,2.94701290648525,1.2309534
AG,1.18389812244250,1.230957
HN,1.18389810437315,1.230957
AG,1.13492036946353,1.2309571
HN,1.13492035304709,1.2309571
AG,1.08594923655107,1.2309572
HN,1.08594922013768,1.2309572
AG,1.03696873178030,1.2309573
HN,1.03696871689027,1.2309573
AG,0.987994942975323,1.2309574
HN,0.987994929148523,1.2309574
AG,0.939018687315799,1.2309575
HN,0.939018672745168,1.2309575
AG,0.890047397270873,1.2309576
HN,0.890047383716935,1.2309576
AG,2.24435316123884,1.230964
HN,2.24435312722443,1.230964
AG,2.29332797944928,1.2309641
HN,2.29332794434777,1.2309641
AG,2.34230433661631,1.2309642
HN,2.34230430282924,1.2309642
AG,2.39127780762846,1.2309643
HN,2.39127777192562,1.2309643
AG,2.44025456756234,1.2309644
HN,2.44025453093507,1.2309644
AG,2.48922589701470,1.2309645
HN,2.48922585997080,1.2309645
AG,2.53820287548975,1.2309646
HN,2.53820283836131,1.2309646
AG,0.0334693530090059,1.230959349
HN,0.0334693528968542,1.230959349
AG,0.0329802496779584,1.23095935
HN,0.0329802497695076,1.23095935
AG,0.0324887183481928,1.230959351
HN,0.0324887182269923,1.230959351
AG,0.0320011276210843,1.230959352
HN,0.0320011262293321,1.230959352
AG,0.0315127585003513,1.230959353
HN,0.0315127589436596,1.230959353
AG,0.0310214544923550,1.230959354
HN,0.0310214541392394,1.230959354
AG,0.0305346257629308,1.230959355
HN,0.0305346248116548,1.230959355
AG,0.00620662472068189,1.230959405
HN,0.00620644189659914,1.230959405
AG,0.00570528023471468,1.230959406
HN,0.00570511262809044,1.230959406
AG,0.00520175463045491,1.230959407
HN,0.00520160097519454,1.230959407
AG,0.00469721492847808,1.230959408
HN,0.00469707600916035,1.230959408
AG,0.00419656511321239,1.230959409
HN,0.00419644204808774,1.230959409
AG,0.00369126908056499,1.23095941
HN,0.00369116144520448,1.23095941
AG,0.00318984946630677,1.230959411
HN,0.00318975483782463,1.230959411
AG,0.00268801853391632,1.230959412
HN,0.00268793886535069,1.230959412
AG,0.00218170879752941,1.230959413
HN,0.00218164457202422,1.230959413
AG,0.00168103488850304,1.230959414
HN,0.00168098616875210,1.230959414
AG,0.00117669466637006,1.230959415
HN,0.00117665957917549,1.230959415
AG,0.000675488637830687,1.230959416
HN,0.000675467962620721,1.230959416
AG,0.000173537027473239,1.230959417
HN,0.000173530933451099,1.230959417
AG,0.000332064014548897,1.230959418
HN,0.000332053264633295,1.230959418
AG,0.0248106262747261,1.230959468
HN,0.0248106255939780,1.230959468
AG,0.0253016517477713,1.230959469
HN,0.0253016536525122,1.230959469
AG,0.0257897214405735,1.23095947
HN,0.0257897206358284,1.23095947
AG,0.0262799042933260,1.230959471
HN,0.0262799046566647,1.230959471
AG,0.0267669879241536,1.230959472
HN,0.0267669883176497,1.230959472
AG,0.0272605256685825,1.230959473
HN,0.0272605255237993,1.230959473
AG,0.0277478631629818,1.230959474
HN,0.0277478618200894,1.230959474
AG,62097.9955301981,1.114
HN,62097.9947887390,1.114
AG,61529.1360348007,1.115
HN,61529.1352986414,1.115
AG,60960.8765263159,1.116
HN,60960.8757954744,1.116
AG,60393.2185269513,1.117
HN,60393.2178014435,1.117
AG,59826.1635512857,1.118
HN,59826.1628311326,1.118
AG,59259.7131161524,1.119
HN,59259.7124013709,1.119
AG,58693.8687272078,1.12
HN,58693.8680178177,1.12
AG,27489.7599875906,1.177
HN,27489.7596155350,1.177
AG,26961.5189062238,1.178
HN,26961.5185406067,1.178
AG,26433.9661545105,1.179
HN,26433.9657953491,1.179
AG,25907.1030126415,1.18
HN,25907.1026599528,1.18
AG,25380.9307450907,1.181
HN,25380.9303988928,1.181
AG,24855.4506213041,1.182
HN,24855.4502816144,1.182
AG,24330.6639114225,1.183
HN,24330.6635782591,1.183
AG,2438.08535092425,1.226
HN,2438.08531467354,1.226
AG,1944.99898530152,1.227
HN,1944.99895632878,1.227
AG,1452.65871790644,1.228
HN,1452.65869622462,1.228
AG,961.065617415756,1.229
HN,961.065603045567,1.229
AG,470.220763348992,1.23
HN,470.220756304446,1.23
AG,19.8747772178808,1.231
HN,19.8747769184126,1.231
AG,509.219953272995,1.232
HN,509.219945612828,1.232
AG,23997.4951976176,1.282
HN,23997.4948016083,1.282
AG,24447.2607330654,1.283
HN,24447.2603288921,1.283
AG,24896.2264567798,1.284
HN,24896.2260444294,1.284
AG,25344.3915330248,1.285
HN,25344.3911124857,1.285
AG,25791.7551194851,1.286
HN,25791.7546907389,1.286
AG,26238.3163957766,1.287
HN,26238.3159588091,1.287
AG,26684.0745300471,1.288
HN,26684.0740848455,1.288
AG,66096.6831340386,1.107
HN,66096.6823560058,1.107
AG,65523.6666142172,1.108
HN,65523.6658413544,1.108
AG,64951.2393356950,1.109
HN,64951.2385680200,1.109
AG,64379.4028452689,1.11
HN,64379.4020828003,1.11
AG,63808.1586801663,1.111
HN,63808.1579229225,1.111
AG,63237.5083827294,1.112
HN,63237.5076307290,1.112
AG,62667.4534887396,1.113
HN,62667.4527420009,1.113
AG,38739.5228597512,1.156
HN,38739.5223565989,1.156
AG,38197.1288891499,1.157
HN,38197.1283920634,1.157
AG,37655.3955093987,1.158
HN,37655.3950183941,1.158
AG,37114.3240927366,1.159
HN,37114.3236078314,1.159
AG,36573.9159861593,1.16
HN,36573.9155073741,1.16
AG,36034.1725440157,1.161
HN,36034.1720713654,1.161
AG,35495.0951125031,1.162
HN,35495.0946460051,1.162
AG,9419.02219592025,1.212
HN,9419.02205954104,1.212
AG,8915.60576727930,1.213
HN,8915.60563794271,1.213
AG,8412.91994152192,1.214
HN,8412.91981924563,1.214
AG,7910.96584893578,1.215
HN,7910.96573373703,1.215
AG,7409.74461866957,1.216
HN,7409.74451056379,1.216
AG,6909.25738027448,1.217
HN,6909.25727927940,1.217
AG,6409.50524747338,1.218
HN,6409.50515360607,1.218
AG,17617.2763804205,1.268
HN,17617.2760970857,1.268
AG,18078.1489733997,1.269
HN,18078.1486821172,1.269
AG,18538.2339286301,1.27
HN,18538.2336293817,1.27
AG,18997.5303492031,1.271
HN,18997.5300419758,1.271
AG,19456.0373413922,1.272
HN,19456.0370261679,1.272
AG,19913.7540123963,1.273
HN,19913.7536891619,1.273
AG,20370.6794846513,1.274
HN,20370.6791533927,1.274
AG,0.0368991796379231,1.230959342
HN,0.0368991780860481,1.230959342
AG,0.0364093661785720,1.230959343
HN,0.0364093659885856,1.230959343
AG,0.0359185238808784,1.230959344
HN,0.0359185239320068,1.230959344
AG,0.0354295715843877,1.230959345
HN,0.0354295725514139,1.230959345
AG,0.0349396960823125,1.230959346
HN,0.0349396965382849,1.230959346
AG,0.0344469288083544,1.230959347
HN,0.0344469275550849,1.230959347
AG,0.0339587641248020,1.230959348
HN,0.0339587646526521,1.230959348
AG,0.0231897451044639,1.23095937
HN,0.0231897435542527,1.23095937
AG,0.0226932933081079,1.230959371
HN,0.0226932918821545,1.230959371
AG,0.0222050042957640,1.230959372
HN,0.0222050045970435,1.230959372
AG,0.0217145351590346,1.230959373
HN,0.0217145337743547,1.230959373
AG,0.0212259268679720,1.230959374
HN,0.0212259268103352,1.230959374
AG,0.0207381896107079,1.230959375
HN,0.0207381897778507,1.230959375
AG,0.0202466111161481,1.230959376
HN,0.0202466107583953,1.230959376
AG,0.0179547530804574,1.230959454
HN,0.0179547544855205,1.230959454
AG,0.0184445903087403,1.230959455
HN,0.0184445892681755,1.230959455
AG,0.0189336249237363,1.230959456
HN,0.0189336228859241,1.230959456
AG,0.0194213480411412,1.230959457
HN,0.0194213473372935,1.230959457
AG,0.0199156705092971,1.230959458
HN,0.0199156703593176,1.230959458
AG,0.0204019174946966,1.230959459
HN,0.0204019163769941,1.230959459
AG,0.0208923949910899,1.23095946
HN,0.0208923939438655,1.23095946
AG,3.58369579512129,1.2309521
HN,3.58369574156564,1.2309521
AG,3.53472092453350,1.2309522
HN,3.53472087080169,1.2309522
AG,3.48574437136702,1.2309523
HN,3.48574431980176,1.2309523
AG,3.43676839044260,1.2309524
HN,3.43676833761430,1.2309524
AG,3.38779484332789,1.2309525
HN,3.38779479181225,1.2309525
AG,3.33881582424909,1.2309526
HN,3.33881577260069,1.2309526
AG,3.28984213220853,1.2309527
HN,3.28984208337080,1.2309527
AG,0.530234733448657,1.2309605
HN,0.530234723564061,1.2309605
AG,0.579207414165549,1.2309606
HN,0.579207406269598,1.2309606
AG,0.628184954109206,1.2309607
HN,0.628184944235365,1.2309607
AG,0.677157214937871,1.2309608
HN,0.677157205318337,1.2309608
AG,0.726134969848135,1.2309609
HN,0.726134959809054,1.2309609
AG,0.775108198543351,1.230961
HN,0.775108186771996,1.230961
AG,0.824083578537054,1.2309611
HN,0.824083566233278,1.2309611
AG,2.92999930889378,1.2309654
HN,2.92999926510738,1.2309654
AG,2.97897565022510,1.2309655
HN,2.97897560608594,1.2309655
AG,3.02794843461376,1.2309656
HN,3.02794838956703,1.2309656
AG,3.07692147992085,1.2309657
HN,3.07692143510766,1.2309657
AG,3.12590038295942,1.2309658
HN,3.12590033678011,1.2309658
AG,3.17487162983431,1.2309659
HN,3.17487158270027,1.2309659
AG,3.22384714507612,1.230966
HN,3.22384709711833,1.230966
AG,2.89804017489724,1.2309535
HN,2.89804013141976,1.2309535
AG,2.84906163678057,1.2309536
HN,2.84906159427310,1.2309536
AG,2.80008602507187,1.2309537
HN,2.80008598354579,1.2309537
AG,2.75110999059066,1.2309538
HN,2.75110994931260,1.2309538
AG,2.70213272954507,1.2309539
HN,2.70213269022002,1.2309539
AG,2.65315737008519,1.230954
HN,2.65315733089557,1.230954
AG,2.60418340594157,1.2309541
HN,2.60418336744389,1.2309541
AG,1.52672586663449,1.2309563
HN,1.52672584360913,1.2309563
AG,1.47774916138028,1.2309564
HN,1.47774913845332,1.2309564
AG,1.42877431969070,1.2309565
HN,1.42877429880333,1.2309565
AG,1.37979815613874,1.2309566
HN,1.37979813566248,1.2309566
AG,1.33082086387029,1.2309567
HN,1.33082084396769,1.2309567
AG,1.28184803612927,1.2309568
HN,1.28184801719220,1.2309568
AG,1.23287267889114,1.2309569
HN,1.23287266150168,1.2309569
AG,1.55870870050414,1.2309626
HN,1.55870867727973,1.2309626
AG,1.60768216451710,1.2309627
HN,1.60768214035748,1.2309627
AG,1.65665509355980,1.2309628
HN,1.65665506933334,1.2309628
AG,1.70562973925901,1.2309629
HN,1.70562971414174,1.2309629
AG,1.75460549460394,1.230963
HN,1.75460546723707,1.230963
AG,1.80358099899807,1.2309631
HN,1.80358097206210,1.2309631
AG,1.85255600550101,1.2309632
HN,1.85255597887609,1.2309632
AG,4.64410761076017,1.2309689
HN,4.64410754047861,1.2309689
AG,4.69308101283563,1.230969
HN,4.69308094227692,1.230969
AG,4.74205444127776,1.2309691
HN,4.74205436929686,1.2309691
AG,4.79103117821754,1.2309692
HN,4.79103110688622,1.2309692
AG,4.84000593379351,1.2309693
HN,4.84000586014049,1.2309693
AG,4.88897715540916,1.2309694
HN,4.88897708275420,1.2309694
AG,4.93795392822680,1.2309695
HN,4.93795385402839,1.2309695
AG,298.602036963855,1.23035
HN,298.602032486733,1.23035
AG,293.699993487703,1.23036
HN,293.699989084537,1.23036
AG,288.798023518833,1.23037
HN,288.798019188693,1.23037
AG,283.896131753299,1.23038
HN,283.896127496233,1.23038
AG,278.994317650922,1.23039
HN,278.994313468238,1.23039
AG,274.092569739831,1.2304
HN,274.092565630876,1.2304
AG,269.190904475857,1.23041
HN,269.190900438762,1.23041
AG,161.373173210652,1.23063
HN,161.373170790349,1.23063
AG,156.473228616612,1.23064
HN,156.473226268015,1.23064
AG,151.573360791452,1.23065
HN,151.573358517290,1.23065
AG,146.673566412184,1.23066
HN,146.673564213861,1.23066
AG,141.773847695504,1.23067
HN,141.773845570066,1.23067
AG,136.874203391359,1.23068
HN,136.874201337313,1.23068
AG,131.974635645847,1.23069
HN,131.974633665226,1.23069
AG,318.464659604143,1.23161
HN,318.464654818698,1.23161
AG,323.357247887514,1.23162
HN,323.357243028147,1.23162
AG,328.249762913563,1.23163
HN,328.249757983410,1.23163
AG,333.142199673798,1.23164
HN,333.142194667554,1.23164
AG,338.034562519082,1.23165
HN,338.034557439145,1.23165
AG,342.926852378337,1.23166
HN,342.926847226067,1.23166
AG,347.819062629371,1.23167
HN,347.819057400531,1.23167
AG,58128.6318917477,1.121
HN,58128.6311877671,1.121
AG,57564.0041161962,1.122
HN,57564.0034176453,1.122
AG,56999.9868880584,1.123
HN,56999.9861949521,1.123
AG,56436.5817123010,1.124
HN,56436.5810246584,1.124
AG,55873.7900746281,1.125
HN,55873.7893924696,1.125
AG,55311.6134614284,1.126
HN,55311.6127847702,1.126
AG,54750.0533657122,1.127
HN,54750.0526945724,1.127
AG,31206.6126372124,1.17
HN,31206.6122205866,1.17
AG,30673.5893428458,1.171
HN,30673.5889325360,1.171
AG,30141.2453344926,1.172
HN,30141.2449305127,1.172
AG,29609.5819039825,1.173
HN,29609.5815063506,1.173
AG,29078.6003620553,1.174
HN,29078.5999707938,1.174
AG,28548.3020018089,1.175
HN,28548.3016169312,1.175
AG,28018.6881108197,1.176
HN,28018.6877323436,1.176
AG,5910.48934048168,1.219
HN,5910.48925375567,1.219
AG,5412.21077804014,1.22
HN,5412.21069847671,1.22
AG,4914.67066281276,1.221
HN,4914.67059042361,1.221
AG,4417.87010130045,1.222
HN,4417.87003610656,1.222
AG,3921.81019486493,1.223
HN,3921.81013687958,1.223
AG,3426.49204253694,1.224
HN,3426.49199177962,1.224
AG,2931.91673034572,1.225
HN,2931.91668683329,1.225
AG,20826.8128766262,1.275
HN,20826.8125373260,1.275
AG,21282.1533026086,1.276
HN,21282.1529552512,1.276
AG,21736.6998958871,1.277
HN,21736.6995404602,1.277
AG,22190.4517964390,1.278
HN,22190.4514329251,1.278
AG,22643.4081327467,1.279
HN,22643.4077611313,1.279
AG,23095.5680467660,1.28
HN,23095.5676670358,1.28
AG,23546.9306841622,1.281
HN,23546.9302962971,1.281
AG,54189.1112507646,1.128
HN,54189.1105851634,1.128
AG,53628.7886039613,1.129
HN,53628.7879439167,1.129
AG,53069.0868929295,1.13
HN,53069.0862384580,1.13
AG,52510.0075864198,1.131
HN,52510.0069375429,1.131
AG,51951.5521525673,1.132
HN,51951.5515093002,1.132
AG,51393.7220486950,1.133
HN,51393.7214110561,1.133
AG,50836.5187259774,1.134
HN,50836.5180939870,1.134
AG,16542.9201986489,1.198
HN,16542.9199654625,1.198
AG,16029.3967625137,1.199
HN,16029.3965361293,1.199
AG,15516.5876167675,1.2
HN,15516.5873972034,1.2
AG,15004.4939547039,1.201
HN,15004.4937419787,1.201
AG,14493.1169626447,1.202
HN,14493.1167567750,1.202
AG,13982.4578204869,1.203
HN,13982.4576214888,1.203
AG,13472.5177138656,1.204
HN,13472.5175217580,1.204
AG,14369.1906716706,1.261
HN,14369.1904435464,1.261
AG,14835.5512386526,1.262
HN,14835.5510026874,1.262
AG,15301.1305641073,1.263
HN,15301.1303202865,1.263
AG,15765.9277328481,1.264
HN,15765.9274811555,1.264
AG,16229.9418151486,1.265
HN,16229.9415555691,1.265
AG,16693.1718924001,1.266
HN,16693.1716249174,1.266
AG,17155.6170527768,1.267
HN,17155.6167773773,1.267
AG,332.918436177615,1.23028
HN,332.918431186144,1.23028
AG,328.015871212103,1.23029
HN,328.015866296418,1.23029
AG,323.113373419262,1.2303
HN,323.113368574627,1.2303
AG,318.210958675428,1.23031
HN,318.210953904069,1.23031
AG,313.308615102133,1.23032
HN,313.308610404661,1.23032
AG,308.406346192948,1.23033
HN,308.406341569371,1.23033
AG,303.504154573929,1.23034
HN,303.504150024900,1.23034
AG,127.075146030043,1.2307
HN,127.075144125183,1.2307
AG,122.175724948105,1.23071
HN,122.175723117598,1.23071
AG,117.276381258127,1.23072
HN,117.276379498678,1.23072
AG,112.377110724850,1.23073
HN,112.377109039772,1.23073
AG,107.477917894686,1.23074
HN,107.477916282597,1.23074
AG,102.578800036975,1.23075
HN,102.578798496999,1.23075
AG,97.6797583083888,1.23076
HN,97.6797568433135,1.23076
AG,181.441693830786,1.23133
HN,181.441691107823,1.23133
AG,186.336382718349,1.23134
HN,186.336379918836,1.23134
AG,191.231000413448,1.23135
HN,191.230997541410,1.23135
AG,196.125540662796,1.23136
HN,196.125537716616,1.23136
AG,201.020007454050,1.23137
HN,201.020004434811,1.23137
AG,205.914395835756,1.23138
HN,205.914392743475,1.23138
AG,210.808711060457,1.23139
HN,210.808707893584,1.23139
AG,421.193247969213,1.23182
HN,421.193241638475,1.23182
AG,426.084257439181,1.23183
HN,426.084251032991,1.23183
AG,430.975187989445,1.23184
HN,430.975181508421,1.23184
AG,435.866055041925,1.23185
HN,435.866048489521,1.23185
AG,440.756839007608,1.23186
HN,440.756832380183,1.23186
AG,445.647551216986,1.23187
HN,445.647544515644,1.23187
AG,450.538187907982,1.23188
HN,450.538181134615,1.23188
AG,2.55520750073069,1.2309542
HN,2.55520746288665,1.2309542
AG,2.50623210104533,1.2309543
HN,2.50623206258394,1.2309543
AG,2.45725716356481,1.2309544
HN,2.45725712513968,1.2309544
AG,2.40827842366897,1.2309545
HN,2.40827838722361,1.2309545
AG,2.35930641888179,1.2309546
HN,2.35930638310661,1.2309546
AG,2.31033056502483,1.2309547
HN,2.31033053095144,1.2309547
AG,2.26135474165342,1.2309548
HN,2.26135470874043,1.2309548
AG,0.187407302207255,1.2309598
HN,0.187407298220864,1.2309598
AG,0.236383296104706,1.2309599
HN,0.236383293145996,1.2309599
AG,0.285357173970233,1.23096
HN,0.285357169732189,1.23096
AG,0.334334321936943,1.2309601
HN,0.334334317773081,1.2309601
AG,0.383306938541523,1.2309602
HN,0.383306933355582,1.2309602
AG,0.432283300315766,1.2309603
HN,0.432283293171094,1.2309603
AG,0.481260277830774,1.2309604
HN,0.481260269858876,1.2309604
AG,2.58717661685257,1.2309647
HN,2.58717657753619,1.2309647
AG,2.63615407274597,1.2309648
HN,2.63615403455283,1.2309648
AG,2.68512828124990,1.2309649
HN,2.68512824070179,1.2309649
AG,2.73409972248500,1.230965
HN,2.73409968171048,1.230965
AG,2.78307464439542,1.2309651
HN,2.78307460204358,1.2309651
AG,2.83205063901137,1.2309652
HN,2.83205059628527,1.2309652
AG,2.88102627822875,1.2309653
HN,2.88102623469303,1.2309653
AG,4.98692795433602,1.2309696
HN,4.98692788056791,1.2309696
AG,5.03590153972722,1.2309697
HN,5.03590146471761,1.2309697
AG,5.08487420311222,1.2309698
HN,5.08487412547124,1.2309698
AG,5.13384987112441,1.2309699
HN,5.13384979332202,1.2309699
AG,5.18282498678990,1.23097
HN,5.18282490805011,1.23097
AG,0.0403260930599003,1.230959335
HN,0.0403260931148597,1.230959335
AG,0.0398348842561613,1.230959336
HN,0.0398348848300244,1.230959336
AG,0.0393466854859898,1.230959337
HN,0.0393466835427277,1.230959337
AG,0.0388556133212051,1.230959338
HN,0.0388556116539251,1.230959338
AG,0.0383661611046568,1.230959339
HN,0.0383661622492003,1.230959339
AG,0.0378775672079769,1.23095934
HN,0.0378775672657577,1.23095934
AG,0.0373882054611386,1.230959341
HN,0.0373882053496788,1.230959341
AG,0.0300429640235372,1.230959356
HN,0.0300429643581641,1.230959356
AG,0.0295508698989259,1.230959357
HN,0.0295508712658028,1.230959357
AG,0.0290624262314455,1.230959358
HN,0.0290624259644120,1.230959358
AG,0.0285718973004292,1.230959359
HN,0.0285718950562979,1.230959359
AG,0.0280818057605303,1.23095936
HN,0.0280818063963600,1.23095936
AG,0.0275947277487371,1.230959361
HN,0.0275947264471067,1.230959361
AG,0.0271028236440490,1.230959362
HN,0.0271028229370628,1.230959362
AG,0.0213827029465096,1.230959461
HN,0.0213827024698552,1.230959461
AG,0.0218723779037619,1.230959462
HN,0.0218723775696969,1.230959462
AG,0.0223629790078330,1.230959463
HN,0.0223629773638713,1.230959463
AG,0.0228513273833027,1.230959464
HN,0.0228513259475273,1.230959464
AG,0.0233398991982585,1.230959465
HN,0.0233398981013774,1.230959465
AG,0.0238309930356384,1.230959466
HN,0.0238309926790716,1.230959466
AG,0.0243196978410657,1.230959467
HN,0.0243196981550251,1.230959467
AG,4.26935627440265,1.2309507
HN,4.26935621028817,1.2309507
AG,4.22037795833801,1.2309508
HN,4.22037789621079,1.2309508
AG,4.17140374426196,1.2309509
HN,4.17140368214243,1.2309509
AG,4.12242819672230,1.230951
HN,4.12242813489577,1.230951
AG,4.07345179361189,1.2309511
HN,4.07345173106953,1.2309511
AG,4.02447588372010,1.2309512
HN,4.02447582263981,1.2309512
AG,3.97549863166574,1.2309513
HN,3.97549857116531,1.2309513
AG,1.86955052841752,1.2309556
HN,1.86955050006367,1.2309556
AG,1.82057622359170,1.2309557
HN,1.82057619669657,1.2309557
AG,1.77160224142859,1.2309558
HN,1.77160221393487,1.2309558
AG,1.72262400282239,1.2309559
HN,1.72262397595685,1.2309559
AG,1.67364936292219,1.230956
HN,1.67364933764197,1.230956
AG,1.62467620148435,1.2309561
HN,1.62467617776881,1.2309561
AG,1.57569927600064,1.2309562
HN,1.57569925262793,1.2309562
AG,1.21588293449924,1.2309619
HN,1.21588291443582,1.2309619
AG,1.26485744636308,1.230962
HN,1.26485742783060,1.230962
AG,1.31382966155508,1.2309621
HN,1.31382964050672,1.2309621
AG,1.36280492637757,1.2309622
HN,1.36280490514191,1.2309622
AG,1.41178292155572,1.2309623
HN,1.41178290100704,1.2309623
AG,1.46075538013531,1.2309624
HN,1.46075535656853,1.2309624
AG,1.50973226044716,1.2309625
HN,1.50973223729864,1.2309625
AG,3.95846344763580,1.2309675
HN,3.95846338771901,1.2309675
AG,4.00744132920633,1.2309676
HN,4.00744127058146,1.2309676
AG,4.05641509579261,1.2309677
HN,4.05641503503509,1.2309677
AG,4.10538866361467,1.2309678
HN,4.10538860218865,1.2309678
AG,4.15436627605476,1.2309679
HN,4.15436621265338,1.2309679
AG,4.20334057762902,1.230968
HN,4.20334051561389,1.230968
AG,4.25231144066897,1.2309681
HN,4.25231137676696,1.2309681
AG,70124.1667735977,1.0999999999999999
HN,70124.1659598977,1.0999999999999999
AG,69547.0691914147,1.101
HN,69547.0683827531,1.101
AG,68970.5499217388,1.102
HN,68970.5491181365,1.102
AG,68394.6105358312,1.103
HN,68394.6097373064,1.103
AG,67819.2525990526,1.104
HN,67819.2518056216,1.104
AG,67244.4776829089,1.105
HN,67244.4768945936,1.105
AG,66670.2873407034,1.106
HN,66670.2865575191,1.106
AG,12963.2978148659,1.205
HN,12963.2976296636,1.205
AG,12454.7992932646,1.206
HN,12454.7991149867,1.206
AG,11947.0233224434,1.207
HN,11947.0231511071,1.207
AG,11439.9710529239,1.208
HN,11439.9708885456,1.208
AG,10933.6436554661,1.209
HN,10933.6434980618,1.209
AG,10428.0422782774,1.21
HN,10428.0421278650,1.21
AG,9923.16807779037,1.211
HN,9923.16793438672,1.211
AG,4396.84172504113,1.24
HN,4396.84165791875,1.24
AG,4879.38639681456,1.241
HN,4879.38632218321,1.241
AG,5361.17029250373,1.242
HN,5361.17021034969,1.242
AG,5842.19240244138,1.243
HN,5842.19231274918,1.243
AG,6322.45171583094,1.244
HN,6322.45161858644,1.244
AG,6801.94721291203,1.245
HN,6801.94710809384,1.245
AG,7280.67789685246,1.246
HN,7280.67778444643,1.246
AG,30221.1290789644,1.296
HN,30221.1285673485,1.296
AG,30659.6225663199,1.297
HN,30659.6220463360,1.297
AG,31097.3049092202,1.298
HN,31097.3043808534,1.298
AG,31534.1753280693,1.299
HN,31534.1747913073,1.299
AG,3.92652817111944,1.2309514
HN,3.92652811184200,1.2309514
AG,3.87754914883588,1.2309515
HN,3.87754909096785,1.2309515
AG,3.82856993874649,1.2309516
HN,3.82856988169810,1.2309516
AG,3.77959628413105,1.2309517
HN,3.77959622823141,1.2309517
AG,3.73062143253587,1.2309518
HN,3.73062137622754,1.2309518
AG,3.68164385418770,1.2309519
HN,3.68164379817466,1.2309519
AG,3.63267392669734,1.230952
HN,3.63267387229999,1.230952
AG,0.841070615008029,1.2309577
HN,0.841070601476335,1.2309577
AG,0.792096396949598,1.2309578
HN,0.792096385806729,1.2309578
AG,0.743122271775708,1.2309579
HN,0.743122260921627,1.2309579
AG,0.694146499516562,1.230958
HN,0.694146489768626,1.230958
AG,0.645170866944465,1.2309581
HN,0.645170856327142,1.2309581
AG,0.596192618337446,1.2309582
HN,0.596192610859335,1.2309582
AG,0.547221039918798,1.2309583
HN,0.547221030610974,1.2309583
AG,1.90152680224401,1.2309633
HN,1.90152677341651,1.2309633
AG,1.95050442987532,1.2309634
HN,1.95050440124477,1.2309634
AG,1.99948099991760,1.2309635
HN,1.99948096873452,1.2309635
AG,2.04845600384974,1.2309636
HN,2.04845597372363,1.2309636
AG,2.09742888110471,1.2309637
HN,2.09742884952231,1.2309637
AG,2.14640481997708,1.2309638
HN,2.14640478954213,1.2309638
AG,2.19537603925829,1.2309639
HN,2.19537600546414,1.2309639
AG,4.30128671222586,1.2309682
HN,4.30128664812275,1.2309682
AG,4.35026099039030,1.2309683
HN,4.35026092440703,1.2309683
AG,4.39923544684155,1.2309684
HN,4.39923538085569,1.2309684
AG,4.44821018921942,1.2309685
HN,4.44821012314697,1.2309685
AG,4.49718531040553,1.2309686
HN,4.49718524175904,1.2309686
AG,4.54615823708426,1.2309687
HN,4.54615816944858,1.2309687
AG,4.59513532172749,1.2309688
HN,4.59513525122378,1.2309688
AG,0.0437562795586449,1.230959328
HN,0.0437562794668692,1.230959328
AG,0.0432653095306163,1.230959329
HN,0.0432653093725410,1.230959329
AG,0.0427786733962642,1.23095933
HN,0.0427786739181309,1.23095933
AG,0.0422833905788744,1.230959331
HN,0.0422833901776711,1.230959331
AG,0.0417967942262869,1.230959332
HN,0.0417967935974660,1.230959332
AG,0.0413048431941823,1.230959333
HN,0.0413048440250256,1.230959333
AG,0.0408161126171182,1.230959334
HN,0.0408161133404971,1.230959334
AG,0.0197559250990406,1.230959377
HN,0.0197559263121869,1.230959377
AG,0.0192693767007643,1.230959378
HN,0.0192693744062047,1.230959378
AG,0.0187779056297313,1.230959379
HN,0.0187779061167704,1.230959379
AG,0.0182858676369030,1.23095938
HN,0.0182858679937110,1.23095938
AG,0.0177978769792061,1.230959381
HN,0.0177978763846830,1.230959381
AG,0.0173069199945213,1.230959382
HN,0.0173069190332686,1.230959382
AG,0.0168196714097814,1.230959383
HN,0.0168196715967900,1.230959383
AG,0.0113978153898523,1.23095944
HN,0.0113974800455412,1.23095944
AG,0.0118985174703848,1.230959441
HN,0.0118981661007988,1.230959441
AG,0.0120769274698912,1.230959442
HN,0.0120769275319264,1.230959442
AG,0.0125677565249441,1.230959443
HN,0.0125677560822384,1.230959443
AG,0.0130554078562167,1.230959444
HN,0.0130554076764680,1.230959444
AG,0.0135470950145678,1.230959445
HN,0.0135470949209161,1.230959445
AG,0.0140355966113834,1.230959446
HN,0.0140355965108215,1.230959446
AG,0.0385235787604255,1.230959496
HN,0.0385235773169942,1.230959496
AG,0.0390160450256881,1.230959497
HN,0.0390160447080192,1.230959497
AG,0.0395017237301581,1.230959498
HN,0.0395017219158700,1.230959498
AG,0.0399930939846061,1.230959499
HN,0.0399930928369205,1.230959499
AG,2.21237988412572,1.2309549
HN,2.21237985186620,1.2309549
AG,2.16340302318294,1.230955
HN,2.16340299058881,1.230955
AG,2.11442842328090,1.2309551
HN,2.11442839271993,1.2309551
AG,2.06545451845742,1.2309552
HN,2.06545448832646,1.2309552
AG,2.01647790599910,1.2309553
HN,2.01647787645542,1.2309553
AG,1.96749950468759,1.2309554
HN,1.96749947475755,1.2309554
AG,1.91852586784682,1.2309555
HN,1.91852583839848,1.2309555
AG,0.498243857505213,1.2309584
HN,0.498243849681081,1.2309584
AG,0.449269430404551,1.2309585
HN,0.449269423015567,1.2309585
AG,0.400291644837207,1.2309586
HN,0.400291639112655,1.2309586
AG,0.351318133637323,1.2309587
HN,0.351318127660876,1.2309587
AG,0.302342690158055,1.2309588
HN,0.302342685911735,1.2309588
AG,0.253367941488726,1.2309589
HN,0.253367938463541,1.2309589
AG,0.204393729727687,1.230959
HN,0.204393726321066,1.230959
AG,3.27282363445456,1.2309661
HN,3.27282358575867,1.2309661
AG,3.32179637099927,1.2309662
HN,3.32179632048343,1.2309662
AG,3.37077147525721,1.2309663
HN,3.37077142418147,1.2309663
AG,3.41974880953600,1.2309664
HN,3.41974875833627,1.2309664
AG,3.46872176445168,1.2309665
HN,3.46872171227856,1.2309665
AG,3.51769482976305,1.2309666
HN,3.51769477551434,1.2309666
AG,3.56667065729968,1.2309667
HN,3.56667060260005,1.2309667
AG,0.0506094654379204,1.230959314
HN,0.0506094634977334,1.230959314
AG,0.0501219989313724,1.230959315
HN,0.0501219970183124,1.230959315
AG,0.0496336016298738,1.230959316
HN,0.0496336025650954,1.230959316
AG,0.0491427682365179,1.230959317
HN,0.0491427676288954,1.230959317
AG,0.0486528884310139,1.230959318
HN,0.0486528873507537,1.230959318
AG,0.0481603506960775,1.230959319
HN,0.0481603500451886,1.230959319
AG,0.0476731850673653,1.23095932
HN,0.0476731863747264,1.23095932
AG,0.0266090470306998,1.230959363
HN,0.0266090478984912,1.230959363
AG,0.0261220112347542,1.230959364
HN,0.0261220103564695,1.230959364
AG,0.0256350894051538,1.230959365
HN,0.0256350901978640,1.230959365
AG,0.0251459904957257,1.230959366
HN,0.0251459904292304,1.230959366
AG,0.0246551711044726,1.230959367
HN,0.0246551712707730,1.230959367
AG,0.0241657831910883,1.230959368
HN,0.0241657832434515,1.230959368
AG,0.0236744192824896,1.230959369
HN,0.0236744196999406,1.230959369
AG,0.0145237320131270,1.230959447
HN,0.0145237335530121,1.230959447
AG,0.0150159526671029,1.230959448
HN,0.0150159511040978,1.230959448
AG,0.0155042158146990,1.230959449
HN,0.0155042163350666,1.230959449
AG,0.0159948709272663,1.23095945
HN,0.0159948712786985,1.23095945
AG,0.0164863982139528,1.230959451
HN,0.0164863976712667,1.230959451
AG,0.0169744525875502,1.230959452
HN,0.0169744516409328,1.230959452
AG,0.0174673157057307,1.230959453
HN,0.0174673152702361,1.230959453
AG,0.0471838282121973,1.230959321
HN,0.0471838262868922,1.230959321
AG,0.0466943599543931,1.230959322
HN,0.0466943598140554,1.230959322
AG,0.0462024854039168,1.230959323
HN,0.0462024854618410,1.230959323
AG,0.0457110821990154,1.230959324
HN,0.0457110817510397,1.230959324
AG,0.0452239474969828,1.230959325
HN,0.0452239458982648,1.230959325
AG,0.0447322920107216,1.230959326
HN,0.0447322915847371,1.230959326
AG,0.0442487279541114,1.230959327
HN,0.0442487275457700,1.230959327
AG,0.00973070665871742,1.230959398
HN,0.00973041978117570,1.230959398
AG,0.00922743432836498,1.230959399
HN,0.00922716231422970,1.230959399
AG,0.00872082395326979,1.2309594
HN,0.00872056687236853,1.2309594
AG,0.00821940373157900,1.230959401
HN,0.00821916214194203,1.230959401
AG,0.00771398939609815,1.230959402
HN,0.00771376143736415,1.230959402
AG,0.00721325731566823,1.230959403
HN,0.00721304504691025,1.230959403
AG,0.00671006832926535,1.230959404
HN,0.00670986912701543,1.230959404
AG,0.000835185817089986,1.230959419
HN,0.000835160256988581,1.230959419
AG,0.00133826432140487,1.23095942
HN,0.00133822525389927,1.23095942
AG,0.00184038484966607,1.230959421
HN,0.00184033068725526,1.230959421
AG,0.00234507758926035,1.230959422
HN,0.00234500857230167,1.230959422
AG,0.00284603621324697,1.230959423
HN,0.00284595300321187,1.230959423
AG,0.00334997998051989,1.230959424
HN,0.00334988177706253,1.230959424
AG,0.00385165352831539,1.230959425
HN,0.00385153948814696,1.230959425
AG,0.0282388594420791,1.230959475
HN,0.0282388586779950,1.230959475
AG,0.0287295875089963,1.230959476
HN,0.0287295864892159,1.230959476
AG,0.0292185842147822,1.230959477
HN,0.0292185844908930,1.230959477
AG,0.0297075193052293,1.230959478
HN,0.0297075194077106,1.230959478
AG,0.0301985526410306,1.230959479
HN,0.0301985525551046,1.230959479
AG,0.0306924699387488,1.23095948
HN,0.0306924696043944,1.23095948
AG,0.0311771388666528,1.230959481
HN,0.0311771384770423,1.230959481
AG,1.97521902561340e-6,1.230959417340849
HN,1.97476872625153e-6,1.230959417340849
AG,1.26008777491404e-6,1.23095941734085
HN,1.26036829560420e-6,1.23095941734085
AG,2.05263796718451e-6,1.230959417340851
HN,2.05156709322426e-6,1.230959417340851
AG,2.07457857132529e-6,1.230959417340852
HN,2.07550441691081e-6,1.230959417340852
AG,6.34368605734001e-7,1.230959417340853
HN,6.35047213288705e-7,1.230959417340853
AG,1.66670232274915e-6,1.230959417340854
HN,1.66606830474567e-6,1.230959417340854
AG,4.33780939429010e-6,1.230959417340855
HN,4.33900703023422e-6,1.230959417340855
AG,1.52948230906688e-6,1.230959417340898
HN,1.52962354929365e-6,1.230959417340898
AG,3.51495022773736e-7,1.230959417340899
HN,3.51211403776877e-7,1.230959417340899
AG,3.59284860756354e-7,1.2309594173409
HN,3.59048787647488e-7,1.2309594173409
AG,5.92838560313278e-6,1.230959417340901
HN,5.93008473848445e-6,1.230959417340901
AG,1.61067647510698e-6,1.230959417340902
HN,1.60989154368356e-6,1.230959417340902
AG,1.74379927425210e-6,1.230959417340903
HN,1.74319378330899e-6,1.230959417340903
AG,4.05405658172494e-6,1.230959417340904
HN,4.05562478039913e-6,1.230959417340904
AG,9.04044906099857e-7,1.230959417340954
HN,9.03960338568366e-7,1.230959417340954
AG,2.57727084100259e-6,1.230959417340955
HN,2.57760990546973e-6,1.230959417340955
AG,2.18353118219690e-6,1.230959417340956
HN,2.18443596714577e-6,1.230959417340956
AG,5.46684851681429e-7,1.230959417340957
HN,5.46356760513835e-7,1.230959417340957
AG,1.68501005394151e-6,1.230959417340958
HN,1.68469277564626e-6,1.230959417340958
AG,2.56223774216453e-6,1.230959417340959
HN,2.56223043879331e-6,1.230959417340959
AG,1.68765939850178e-6,1.23095941734096
HN,1.68708461794923e-6,1.23095941734096
AG,7.81850800049603e-6,1.230959417340842
HN,7.81908467350657e-6,1.230959417340842
AG,1.34411082429603e-6,1.230959417340843
HN,1.34572657957504e-6,1.230959417340843
AG,2.13990262700369e-6,1.230959417340844
HN,2.14146802113397e-6,1.230959417340844
AG,3.46514435321365e-6,1.230959417340845
HN,3.46521325422636e-6,1.230959417340845
AG,2.91857937919332e-6,1.230959417340846
HN,2.91960039463441e-6,1.230959417340846
AG,1.81548690490786e-6,1.230959417340847
HN,1.81542637898322e-6,1.230959417340847
AG,6.08185100869876e-7,1.230959417340848
HN,6.08319056996171e-7,1.230959417340848
AG,3.79325523950139e-6,1.230959417340905
HN,3.79316545174839e-6,1.230959417340905
AG,1.37842206913759e-6,1.230959417340906
HN,1.37902032792932e-6,1.230959417340906
AG,6.11305840782129e-7,1.230959417340907
HN,6.11232400790264e-7,1.230959417340907
AG,2.03589769676104e-6,1.230959417340908
HN,2.03575286974680e-6,1.230959417340908
AG,1.71860584953205e-6,1.230959417340909
HN,1.71926381904720e-6,1.230959417340909
AG,4.93988168096268e-7,1.23095941734091
HN,4.93844333486445e-7,1.23095941734091
AG,3.35688120882863e-7,1.230959417340911
HN,3.34991495000643e-7,1.230959417340911
AG,1.26560042147647e-6,1.230959417340961
HN,1.26536767310303e-6,1.230959417340961
AG,2.68705584958872e-7,1.230959417340962
HN,2.68718729550513e-7,1.230959417340962
AG,2.02840741547741e-6,1.230959417340963
HN,2.02783668553849e-6,1.230959417340963
AG,5.50103742784110e-7,1.230959417340964
HN,5.49844215294408e-7,1.230959417340964
AG,2.04409805855383e-6,1.230959417340965
HN,2.04470568679234e-6,1.230959417340965
AG,4.00912452692428e-7,1.230959417340966
HN,3.99693016987903e-7,1.230959417340966
AG,6.90401565936640e-7,1.230959417340967
HN,6.90469597506833e-7,1.230959417340967
AG,3.28582623286651e-6,1.230959417340807
HN,3.28588591090448e-6,1.230959417340807
AG,2.05949545523085e-6,1.230959417340808
HN,2.05912466736110e-6,1.230959417340808
AG,2.02998487486552e-6,1.230959417340809
HN,2.03000055994893e-6,1.230959417340809
AG,1.39480486821396e-6,1.23095941734081
HN,1.39458486187440e-6,1.23095941734081
AG,1.91026237528237e-6,1.230959417340811
HN,1.91034812449308e-6,1.230959417340811
AG,5.60076595318210e-7,1.230959417340812
HN,5.59765515814202e-7,1.230959417340812
AG,1.87284489938820e-6,1.230959417340813
HN,1.87265382469557e-6,1.230959417340813
AG,3.79995106743373e-6,1.230959417340884
HN,3.80040090421886e-6,1.230959417340884
AG,2.65628237947996e-6,1.230959417340885
HN,2.65689722825891e-6,1.230959417340885
AG,1.81480321886351e-6,1.230959417340886
HN,1.81487440981573e-6,1.230959417340886
AG,3.27378706600035e-6,1.230959417340887
HN,3.27408845615087e-6,1.230959417340887
AG,2.07673993933943e-6,1.230959417340888
HN,2.07605334624732e-6,1.230959417340888
AG,2.25431011693833e-6,1.230959417340889
HN,2.25610885984786e-6,1.230959417340889
AG,2.17397261460056e-7,1.23095941734089
HN,2.17532998452181e-7,1.23095941734089
AG,4.83106416277922e-7,1.23095941734094
HN,4.83048494005209e-7,1.23095941734094
AG,5.32823960294491e-7,1.230959417340941
HN,5.32582884652946e-7,1.230959417340941
AG,2.33900327671891e-6,1.230959417340942
HN,2.33969942531043e-6,1.230959417340942
AG,1.68484011817381e-6,1.230959417340943
HN,1.68452056246832e-6,1.230959417340943
AG,2.00147300805262e-6,1.230959417340944
HN,2.00026224250720e-6,1.230959417340944
AG,5.27250755654599e-7,1.230959417340945
HN,5.28081303918397e-7,1.230959417340945
AG,7.68111703578641e-7,1.230959417340946
HN,7.68853910855363e-7,1.230959417340946
AG,9.26984726148179e-7,1.230959417340975
HN,9.27969926732696e-7,1.230959417340975
AG,1.71762218554987e-6,1.230959417340976
HN,1.71816396264844e-6,1.230959417340976
AG,2.08267331302070e-6,1.230959417340977
HN,2.08295384375419e-6,1.230959417340977
AG,1.50459038558739e-6,1.230959417340978
HN,1.50388668583035e-6,1.230959417340978
AG,4.58803642036405e-7,1.230959417340979
HN,4.58791769193884e-7,1.230959417340979
AG,1.26359094472336e-6,1.23095941734098
HN,1.26271476295238e-6,1.23095941734098
AG,5.07817301390549e-7,1.230959417340981
HN,5.07742782813003e-7,1.230959417340981
AG,2.18646604849761e-6,1.2309594173408
HN,2.18730106659259e-6,1.2309594173408
AG,1.76991768294062e-6,1.230959417340801
HN,1.76961532560142e-6,1.230959417340801
AG,3.08904077074215e-6,1.230959417340802
HN,3.08885769525280e-6,1.230959417340802
AG,2.74238994780568e-6,1.230959417340803
HN,2.74260099819640e-6,1.230959417340803
AG,3.81505603090371e-6,1.230959417340804
HN,3.81487986778686e-6,1.230959417340804
AG,1.61124665067515e-6,1.230959417340805
HN,1.61146961333622e-6,1.230959417340805
AG,4.19914791529210e-7,1.230959417340806
HN,4.19945820740480e-7,1.230959417340806
AG,3.43838745807568e-6,1.230959417340891
HN,3.43800281468483e-6,1.230959417340891
AG,2.56046241025096e-6,1.230959417340892
HN,2.56024886276373e-6,1.230959417340892
AG,8.10454362135169e-7,1.230959417340893
HN,8.10366457002763e-7,1.230959417340893
AG,6.08704246281856e-6,1.230959417340894
HN,6.08773195668659e-6,1.230959417340894
AG,2.23490302073773e-6,1.230959417340895
HN,2.23408883438776e-6,1.230959417340895
AG,6.63053493407445e-7,1.230959417340896
HN,6.63523248076405e-7,1.230959417340896
AG,4.77334479915367e-6,1.230959417340897
HN,4.77392098824534e-6,1.230959417340897
AG,5.37023239391806e-7,1.230959417340926
HN,5.37380966637032e-7,1.230959417340926
AG,2.50046394318407e-6,1.230959417340927
HN,2.50120117224185e-6,1.230959417340927
AG,4.25362920598298e-6,1.230959417340928
HN,4.25315772047241e-6,1.230959417340928
AG,2.07258209541909e-6,1.230959417340929
HN,2.07157811177646e-6,1.230959417340929
AG,4.31295686251380e-6,1.23095941734093
HN,4.31370236116159e-6,1.23095941734093
AG,5.27323735647374e-7,1.230959417340931
HN,5.26501367980517e-7,1.230959417340931
AG,3.48384684824731e-7,1.230959417340932
HN,3.48785415800587e-7,1.230959417340932
AG,4.81294282735320e-7,1.230959417340968
HN,4.81276023194441e-7,1.230959417340968
AG,7.70958692853565e-7,1.230959417340969
HN,7.70829400814282e-7,1.230959417340969
AG,6.06128426300084e-7,1.23095941734097
HN,6.06532950517929e-7,1.23095941734097
AG,4.85733521450724e-6,1.230959417340971
HN,4.85713053567994e-6,1.230959417340971
AG,1.85080822167086e-6,1.230959417340972
HN,1.84950166387687e-6,1.230959417340972
AG,5.83891638847245e-7,1.230959417340973
HN,5.83825932290842e-7,1.230959417340973
AG,2.38227376348017e-6,1.230959417340974
HN,2.38268502127580e-6,1.230959417340974
AG,2.50641759963773e-6,1.230959417340821
HN,2.50756281828794e-6,1.230959417340821
AG,8.45229713519292e-7,1.230959417340822
HN,8.44993047973128e-7,1.230959417340822
AG,1.67330803020534e-6,1.230959417340823
HN,1.67195564258901e-6,1.230959417340823
AG,1.91658178660096e-6,1.230959417340824
HN,1.91695889543300e-6,1.230959417340824
AG,4.85976867816597e-7,1.230959417340825
HN,4.84522680115941e-7,1.230959417340825
AG,1.50699486421975e-6,1.230959417340826
HN,1.50743803185899e-6,1.230959417340826
AG,7.64636564931531e-7,1.230959417340827
HN,7.65024292463617e-7,1.230959417340827
AG,4.12454815536040e-7,1.230959417340877
HN,4.11670992185325e-7,1.230959417340877
AG,2.66754403323247e-6,1.230959417340878
HN,2.66717714127882e-6,1.230959417340878
AG,1.64901126785373e-6,1.230959417340879
HN,1.64951473455213e-6,1.230959417340879
AG,6.92119953621007e-7,1.23095941734088
HN,6.91861074501181e-7,1.23095941734088
AG,3.90538078203391e-6,1.230959417340881
HN,3.90645713769035e-6,1.230959417340881
AG,1.99979442742215e-6,1.230959417340882
HN,2.00033230448265e-6,1.230959417340882
AG,5.06555953160686e-7,1.230959417340883
HN,5.06301656480734e-7,1.230959417340883
AG,5.14590799077892e-7,1.230959417340933
HN,5.14564086625906e-7,1.230959417340933
AG,1.70588925263620e-6,1.230959417340934
HN,1.70542740939613e-6,1.230959417340934
AG,1.82793433563746e-6,1.230959417340935
HN,1.82787674983603e-6,1.230959417340935
AG,2.53682081545496e-6,1.230959417340936
HN,2.53779264212422e-6,1.230959417340936
AG,1.41294485499349e-6,1.230959417340937
HN,1.41191611113646e-6,1.230959417340937
AG,3.21567372698877e-7,1.230959417340938
HN,3.21480954970242e-7,1.230959417340938
AG,5.62030275511510e-7,1.230959417340939
HN,5.61986020445254e-7,1.230959417340939
AG,4.34441400247738e-7,1.230959417340996
HN,4.34415255837202e-7,1.230959417340996
AG,2.10848976264206e-6,1.230959417340997
HN,2.10800659950652e-6,1.230959417340997
AG,2.96327104059097e-6,1.230959417340998
HN,2.96334291488418e-6,1.230959417340998
AG,2.36388007490636e-6,1.230959417340999
HN,2.36494360663534e-6,1.230959417340999
AG,3.25999719630707e-6,1.230959417340814
HN,3.26102308046241e-6,1.230959417340814
AG,1.89080509305844e-6,1.230959417340815
HN,1.89039609931727e-6,1.230959417340815
AG,1.67422765258859e-6,1.230959417340816
HN,1.67535515494265e-6,1.230959417340816
AG,6.71543695971423e-7,1.230959417340817
HN,6.70137195665590e-7,1.230959417340817
AG,2.04211299448571e-6,1.230959417340818
HN,2.04101642044756e-6,1.230959417340818
AG,4.94284165028820e-7,1.230959417340819
HN,4.95262311983349e-7,1.230959417340819
AG,1.97031796124498e-6,1.23095941734082
HN,1.97048111052874e-6,1.23095941734082
AG,3.85078194462356e-6,1.230959417340863
HN,3.85161972024629e-6,1.230959417340863
AG,6.67454397711199e-6,1.230959417340864
HN,6.67509382658020e-6,1.230959417340864
AG,2.74595580302988e-6,1.230959417340865
HN,2.74684654815010e-6,1.230959417340865
AG,4.58045121555404e-6,1.230959417340866
HN,4.58111918229218e-6,1.230959417340866
AG,2.98235038266929e-6,1.230959417340867
HN,2.98094305790451e-6,1.230959417340867
AG,2.11282275533919e-6,1.230959417340868
HN,2.11257466544941e-6,1.230959417340868
AG,4.10166501064303e-7,1.230959417340869
HN,4.09856401778589e-7,1.230959417340869
AG,4.98073367438736e-6,1.230959417340919
HN,4.98086874933464e-6,1.230959417340919
AG,3.39756998630537e-6,1.23095941734092
HN,3.39825716280040e-6,1.23095941734092
AG,9.51741452868574e-7,1.230959417340921
HN,9.51528377611489e-7,1.230959417340921
AG,3.79957071283670e-6,1.230959417340922
HN,3.80026551617013e-6,1.230959417340922
AG,3.18089344679595e-6,1.230959417340923
HN,3.18103710811524e-6,1.230959417340923
AG,1.86451023224391e-6,1.230959417340924
HN,1.86489078231012e-6,1.230959417340924
AG,1.76483173913129e-6,1.230959417340925
HN,1.76515574975194e-6,1.230959417340925
AG,1.64753655958128e-6,1.230959417340989
HN,1.64737037717787e-6,1.230959417340989
AG,2.69568913920226e-6,1.23095941734099
HN,2.69583612278205e-6,1.23095941734099
AG,1.83490502817514e-6,1.230959417340991
HN,1.83451352887401e-6,1.230959417340991
AG,1.81127308072088e-6,1.230959417340992
HN,1.81086082650267e-6,1.230959417340992
AG,1.62802021543444e-6,1.230959417340993
HN,1.62817361468773e-6,1.230959417340993
AG,2.67512408541741e-6,1.230959417340994
HN,2.67574368335825e-6,1.230959417340994
AG,7.89870115043006e-7,1.230959417340995
HN,7.89683567958357e-7,1.230959417340995
AG,2.29619946106471e-6,1.230959417340828
HN,2.29557447392801e-6,1.230959417340828
AG,3.09357151372250e-6,1.230959417340829
HN,3.09428063854678e-6,1.230959417340829
AG,1.61480926008619e-6,1.23095941734083
HN,1.61590835216631e-6,1.23095941734083
AG,1.70410994526743e-6,1.230959417340831
HN,1.70479096830357e-6,1.230959417340831
AG,1.44937458174969e-6,1.230959417340832
HN,1.44982799588581e-6,1.230959417340832
AG,2.18786525088014e-6,1.230959417340833
HN,2.18687584596170e-6,1.230959417340833
AG,8.18004280637222e-7,1.230959417340834
HN,8.18429953686305e-7,1.230959417340834
AG,5.33511342216094e-7,1.23095941734087
HN,5.34422331881173e-7,1.23095941734087
AG,4.24866003279865e-6,1.230959417340871
HN,4.24940891471409e-6,1.230959417340871
AG,7.14647290380732e-7,1.230959417340872
HN,7.14322175088128e-7,1.230959417340872
AG,3.55836563759642e-6,1.230959417340873
HN,3.55872148926746e-6,1.230959417340873
AG,2.76618022722012e-6,1.230959417340874
HN,2.76676207156394e-6,1.230959417340874
AG,3.00300520398161e-6,1.230959417340875
HN,3.00388626376779e-6,1.230959417340875
AG,5.37727618054933e-7,1.230959417340876
HN,5.37616704566864e-7,1.230959417340876
AG,3.67929748890195e-6,1.230959417340912
HN,3.68003002202792e-6,1.230959417340912
AG,1.47749884025198e-6,1.230959417340913
HN,1.47755714558639e-6,1.230959417340913
AG,6.27434991679612e-7,1.230959417340914
HN,6.27229076601974e-7,1.230959417340914
AG,4.29378114089958e-6,1.230959417340915
HN,4.29445558412802e-6,1.230959417340915
AG,2.23623598655180e-6,1.230959417340916
HN,2.23711464956691e-6,1.230959417340916
AG,2.33326135917586e-6,1.230959417340917
HN,2.33365591665061e-6,1.230959417340917
AG,2.66147916472246e-7,1.230959417340918
HN,2.65862188991930e-7,1.230959417340918
AG,1.86642115823452e-6,1.230959417340982
HN,1.86697618534140e-6,1.230959417340982
AG,1.59858552410887e-6,1.230959417340983
HN,1.59922407652580e-6,1.230959417340983
AG,7.08723779132460e-7,1.230959417340984
HN,7.09126380629773e-7,1.230959417340984
AG,2.34144243603824e-7,1.230959417340985
HN,2.33074351838729e-7,1.230959417340985
AG,1.93558242729078e-6,1.230959417340986
HN,1.93521706502153e-6,1.230959417340986
AG,3.73235466420216e-7,1.230959417340987
HN,3.72512954170516e-7,1.230959417340987
AG,2.23461761563375e-6,1.230959417340988
HN,2.23445887458680e-6,1.230959417340988
AG,5.75742184837350e-7,1.230959417340835
HN,5.75530786761741e-7,1.230959417340835
AG,2.30488235144360e-6,1.230959417340836
HN,2.30449511341408e-6,1.230959417340836
AG,3.80742957247385e-7,1.230959417340837
HN,3.80714620918403e-7,1.230959417340837
AG,1.71656960882495e-6,1.230959417340838
HN,1.71765443660835e-6,1.230959417340838
AG,2.43677578129784e-6,1.230959417340839
HN,2.43624948659738e-6,1.230959417340839
AG,1.99025493563681e-6,1.23095941734084
HN,1.99023110426710e-6,1.23095941734084
AG,5.37163888667489e-7,1.230959417340841
HN,5.37205550200002e-7,1.230959417340841
AG,1.41794964360022e-6,1.230959417340856
HN,1.41843778747773e-6,1.230959417340856
AG,2.78908491069836e-6,1.230959417340857
HN,2.78979332784374e-6,1.230959417340857
AG,1.84281721598663e-6,1.230959417340858
HN,1.84314999873420e-6,1.230959417340858
AG,6.05809484828887e-7,1.230959417340859
HN,6.04665077837466e-7,1.230959417340859
AG,1.18001729670796e-6,1.23095941734086
HN,1.18030820902875e-6,1.23095941734086
AG,1.65696455219592e-6,1.230959417340861
HN,1.65689981489006e-6,1.230959417340861
AG,3.44288150365122e-7,1.230959417340862
HN,3.44676029060042e-7,1.230959417340862
AG,1.87052332701494e-6,1.230959417340947
HN,1.87045659830076e-6,1.230959417340947
AG,1.89989309902748e-6,1.230959417340948
HN,1.89979768983750e-6,1.230959417340948
AG,2.03192713824639e-7,1.230959417340949
HN,2.02968770467302e-7,1.230959417340949
AG,3.89049077502250e-6,1.23095941734095
HN,3.89017693657229e-6,1.23095941734095
AG,4.53815762670956e-7,1.230959417340951
HN,4.52966574679025e-7,1.230959417340951
AG,3.08071736119719e-7,1.230959417340952
HN,3.07375469237987e-7,1.230959417340952
AG,6.13311706399944e-7,1.230959417340953
HN,6.13536208310789e-7,1.230959417340953
AG,0.000640921127405183,1.23095941607
HN,0.000640902866780135,1.23095941607
AG,0.000630948887922180,1.23095941608
HN,0.000630930320245061,1.23095941608
AG,0.000628317597210716,1.23095941609
HN,0.000628299790845892,1.23095941609
AG,0.000622886632177479,1.2309594161
HN,0.000622868877987193,1.2309594161
AG,0.000619192589304319,1.23095941611
HN,0.000619174542726588,1.23095941611
AG,0.000612562395829880,1.23095941612
HN,0.000612544000213439,1.23095941612
AG,0.000610213138962329,1.23095941613
HN,0.000610195554436792,1.23095941613
AG,0.000323331168270263,1.2309594167
HN,0.000323320872194511,1.2309594167
AG,0.000316278499093204,1.23095941671
HN,0.000316268339346354,1.23095941671
AG,0.000315030938293778,1.23095941672
HN,0.000315022104001356,1.23095941672
AG,0.000308249308190621,1.23095941673
HN,0.000308239935822184,1.23095941673
AG,0.000300233977328739,1.23095941674
HN,0.000300224221779638,1.23095941674
AG,0.000299821752776140,1.23095941675
HN,0.000299811746307725,1.23095941675
AG,0.000292270523933149,1.23095941676
HN,0.000292263438370421,1.23095941676
AG,4.01463481291775e-5,1.23095941726
HN,4.01446520560425e-5,1.23095941726
AG,3.19865701785859e-5,1.23095941727
HN,3.19841065664771e-5,1.23095941727
AG,3.39236787014371e-5,1.23095941728
HN,3.39214995660457e-5,1.23095941728
AG,2.51560588518463e-5,1.23095941729
HN,2.51536404430802e-5,1.23095941729
AG,2.02205015930478e-5,1.2309594173
HN,2.02201494207366e-5,1.2309594173
AG,1.60960531850463e-5,1.23095941731
HN,1.60955511938606e-5,1.23095941731
AG,1.20437567766600e-5,1.23095941732
HN,1.20431914855497e-5,1.23095941732
AG,0.000273563640272882,1.23095941789
HN,0.000273555007207946,1.23095941789
AG,0.000280910142546200,1.2309594179
HN,0.000280903432937300,1.2309594179
AG,0.000287709672227339,1.23095941791
HN,0.000287700679298094,1.23095941791
AG,0.000292418060053972,1.23095941792
HN,0.000292409583559583,1.23095941792
AG,0.000296370608604792,1.23095941793
HN,0.000296361809678075,1.23095941793
AG,0.000302371786608383,1.23095941794
HN,0.000302362215843396,1.23095941794
AG,0.000306551408481311,1.23095941795
HN,0.000306542683220856,1.23095941795
AG,3.68684384813384e-6,1.2309594173328
HN,3.68795737691483e-6,1.2309594173328
AG,3.30771964024621e-6,1.2309594173329
HN,3.30774602574393e-6,1.2309594173329
AG,2.84709497433396e-6,1.230959417333
HN,2.84676105379511e-6,1.230959417333
AG,6.24084292657751e-6,1.2309594173331
HN,6.24056884404862e-6,1.2309594173331
AG,4.31526855583322e-6,1.2309594173332
HN,4.31501699959059e-6,1.2309594173332
AG,2.80418743807480e-6,1.2309594173333
HN,2.80354956388881e-6,1.2309594173333
AG,3.35590799425293e-6,1.2309594173334
HN,3.35631813526787e-6,1.2309594173334
AG,1.94172185450769e-6,1.230959417337
HN,1.94214430543143e-6,1.230959417337
AG,3.28545908467642e-6,1.2309594173371
HN,3.28622062807634e-6,1.2309594173371
AG,2.25334448109767e-6,1.2309594173372
HN,2.25326372467377e-6,1.2309594173372
AG,2.84216434735921e-6,1.2309594173373
HN,2.84296182239839e-6,1.2309594173373
AG,3.15398383729630e-6,1.2309594173374
HN,3.15473730077024e-6,1.2309594173374
AG,3.12657818999362e-6,1.2309594173375
HN,3.12611027502893e-6,1.2309594173375
AG,2.18915278593050e-6,1.2309594173376
HN,2.18994976275785e-6,1.2309594173376
AG,1.89828488922279e-6,1.2309594173454
HN,1.89879980591917e-6,1.2309594173454
AG,2.71972494354244e-6,1.2309594173455
HN,2.71978971423940e-6,1.2309594173455
AG,1.63990023384677e-6,1.2309594173456
HN,1.63957331396336e-6,1.2309594173456
AG,2.57499847614996e-6,1.2309594173457
HN,2.57432709212571e-6,1.2309594173457
AG,3.08740119727954e-6,1.2309594173458
HN,3.08952826324984e-6,1.2309594173458
AG,2.47945046771809e-6,1.2309594173459
HN,2.48072074262243e-6,1.2309594173459
AG,2.46748065736762e-6,1.230959417346
HN,2.46764481144612e-6,1.230959417346
AG,7.68547567356529e-6,1.2309594173496
HN,7.68399459055160e-6,1.2309594173496
AG,4.67020789336998e-6,1.2309594173497
HN,4.66912081330770e-6,1.2309594173497
AG,3.96953741999148e-6,1.2309594173498
HN,3.96985377952560e-6,1.2309594173498
AG,6.70461977929196e-6,1.2309594173499
HN,6.70429260570560e-6,1.2309594173499
AG,0.0574663285436262,1.2309592999999999
HN,0.0574663275755445,1.2309592999999999
AG,0.0569803422095430,1.230959301
HN,0.0569803419511638,1.230959301
AG,0.0564884058964985,1.230959302
HN,0.0564884042647759,1.230959302
AG,0.0559966154107586,1.230959303
HN,0.0559966147228710,1.230959303
AG,0.0555113519501540,1.230959304
HN,0.0555113500427566,1.230959304
AG,0.0550201811026918,1.230959305
HN,0.0550201785082469,1.230959305
AG,0.0545300497542916,1.230959306
HN,0.0545300489041074,1.230959306
AG,0.0129019053202560,1.230959391
HN,0.0129019042424498,1.230959391
AG,0.0124077761108432,1.230959392
HN,0.0124077756486959,1.230959392
AG,0.0119202129500184,1.230959393
HN,0.0119202131020372,1.230959393
AG,0.0117405940842093,1.230959394
HN,0.0117402457961966,1.230959394
AG,0.0112363943865633,1.230959395
HN,0.0112360620727161,1.230959395
AG,0.0107354737601710,1.230959396
HN,0.0107351561533656,1.230959396
AG,0.0102307551505732,1.230959397
HN,0.0102304516548217,1.230959397
AG,0.00435688813392289,1.230959426
HN,0.00435675944987031,1.230959426
AG,0.00485832463562542,1.230959427
HN,0.00485818018552809,1.230959427
AG,0.00536189084640320,1.230959428
HN,0.00536173301616365,1.230959428
AG,0.00586423067256917,1.230959429
HN,0.00586405684466407,1.230959429
AG,0.00636781590956081,1.23095943
HN,0.00636762877518534,1.23095943
AG,0.00687114352690854,1.230959431
HN,0.00687094055059325,1.230959431
AG,0.00737269592107508,1.230959432
HN,0.00737247851486212,1.230959432
AG,0.0316651667860363,1.230959482
HN,0.0316651653843463,1.230959482
AG,0.0321564972619019,1.230959483
HN,0.0321564972116305,1.230959483
AG,0.0326451858269053,1.230959484
HN,0.0326451856998458,1.230959484
AG,0.0331345075030407,1.230959485
HN,0.0331345059260166,1.230959485
AG,0.0336287588849932,1.230959486
HN,0.0336287584078238,1.230959486
AG,0.0341155681448789,1.230959487
HN,0.0341155691920856,1.230959487
AG,0.0346071226034176,1.230959488
HN,0.0346071224076750,1.230959488
AG,4.61218406557570,1.23095
HN,4.61218399609098,1.23095
AG,4.56320847645664,1.2309501
HN,4.56320840789534,1.2309501
AG,4.51423312451346,1.2309502
HN,4.51423305718709,1.2309502
AG,4.46525940528665,1.2309503
HN,4.46525933898900,1.2309503
AG,4.41628467855838,1.2309504
HN,4.41628461297888,1.2309504
AG,4.36730586424119,1.2309505
HN,4.36730579893877,1.2309505
AG,4.31832830175296,1.2309506
HN,4.31832823660145,1.2309506
AG,0.155420035546760,1.2309591
HN,0.155420033657924,1.2309591
AG,0.106441239911273,1.2309592
HN,0.106441238024909,1.2309592
AG,0.0574664573658270,1.2309593
HN,0.0574664561012145,1.2309593
AG,0.00872082395326979,1.2309594
HN,0.00872056687236853,1.2309594
AG,0.0404798357222893,1.2309595
HN,0.0404798350231322,1.2309595
AG,0.0894574040464355,1.2309596
HN,0.0894574015849698,1.2309596
AG,0.138432637749590,1.2309597
HN,0.138432634940737,1.2309597
AG,0.873055616712619,1.2309612
HN,0.873055602511039,1.2309612
AG,0.922033996755715,1.2309613
HN,0.922033982868268,1.2309613
AG,0.971010231565253,1.2309614
HN,0.971010218540993,1.2309614
AG,1.01998243214353,1.2309615
HN,1.01998241752292,1.2309615
AG,1.06895671873701,1.2309616
HN,1.06895670231770,1.2309616
AG,1.11793472424150,1.2309617
HN,1.11793470726952,1.2309617
AG,1.16690673307345,1.2309618
HN,1.16690671663694,1.2309618
AG,3.61564478956128,1.2309668
HN,3.61564473466475,1.2309668
AG,3.66461907521188,1.2309669
HN,3.66461901915478,1.2309669
AG,3.71359084683605,1.230967
HN,3.71359078846469,1.230967
AG,3.76256835690920,1.2309671
HN,3.76256829950967,1.2309671
AG,3.81154091477074,1.2309672
HN,3.81154085750004,1.2309672
AG,3.86051909019408,1.2309673
HN,3.86051903134284,1.2309673
AG,3.90949169656895,1.2309674
HN,3.90949163775086,1.2309674
AG,0.0540410186517002,1.230959307
HN,0.0540410190379997,1.230959307
AG,0.0535483778231771,1.230959308
HN,0.0535483776938343,1.230959308
AG,0.0530579322915161,1.230959309
HN,0.0530579313420890,1.230959309
AG,0.0525704246246649,1.23095931
HN,0.0525704244525639,1.23095931
AG,0.0520814503971297,1.230959311
HN,0.0520814496803799,1.230959311
AG,0.0515902510439195,1.230959312
HN,0.0515902510079702,1.230959312
AG,0.0510995934785702,1.230959313
HN,0.0510995935537241,1.230959313
AG,0.0163310971861217,1.230959384
HN,0.0163310965161491,1.230959384
AG,0.0158378283095637,1.230959385
HN,0.0158378270162574,1.230959385
AG,0.0153496634427014,1.230959386
HN,0.0153496623908860,1.230959386
AG,0.0148576278589568,1.230959387
HN,0.0148576257895264,1.230959387
AG,0.0143680448146886,1.230959388
HN,0.0143680454032278,1.230959388
AG,0.0138827576791375,1.230959389
HN,0.0138827571133854,1.230959389
AG,0.0133913310265632,1.23095939
HN,0.0133913305433777,1.23095939
AG,0.00787452411013130,1.230959433
HN,0.00787429103925563,1.230959433
AG,0.00837991978719230,1.230959434
HN,0.00837967134467179,1.230959434
AG,0.00888280421412113,1.230959435
HN,0.00888254264348088,1.230959435
AG,0.00938730035446292,1.230959436
HN,0.00938702322042972,1.230959436
AG,0.00988882060588328,1.230959437
HN,0.00988852878466420,1.230959437
AG,0.0103899634799919,1.230959438
HN,0.0103896582520151,1.230959438
AG,0.0108919417349548,1.230959439
HN,0.0108916192033176,1.230959439
AG,0.0350972032141996,1.230959489
HN,0.0350972023142741,1.230959489
AG,0.0355836544364143,1.23095949
HN,0.0355836542349375,1.23095949
AG,0.0360761278975232,1.230959491
HN,0.0360761283661834,1.230959491
AG,0.0365620099214773,1.230959492
HN,0.0365620079358728,1.230959492
AG,0.0370551013908790,1.230959493
HN,0.0370551004966635,1.230959493
AG,0.0375430206256921,1.230959494
HN,0.0375430198041398,1.230959494
AG,0.0380345950873915,1.230959495
HN,0.0380345951973985,1.230959495
AG,3.91467747671869e-6,1.2309594173335
HN,3.91636748744433e-6,1.2309594173335
AG,3.33926156109665e-6,1.2309594173336
HN,3.33829581273774e-6,1.2309594173336
AG,3.67939405989378e-6,1.2309594173337
HN,3.67927643705482e-6,1.2309594173337
AG,4.88443387921503e-6,1.2309594173338
HN,4.88331537914161e-6,1.2309594173338
AG,4.35176462014721e-6,1.2309594173339
HN,4.35118835803463e-6,1.2309594173339
AG,1.82940287385748e-6,1.230959417334
HN,1.83071773179850e-6,1.230959417334
AG,3.72942475357196e-6,1.2309594173341
HN,3.73008052619368e-6,1.2309594173341
AG,2.01409675557227e-6,1.2309594173398
HN,2.01348092985470e-6,1.2309594173398
AG,1.15885109736092e-6,1.2309594173399
HN,1.15987738287627e-6,1.2309594173399
AG,1.62551053258285e-6,1.23095941734
HN,1.62539717875360e-6,1.23095941734
AG,3.28661719286700e-6,1.2309594173401
HN,3.28807761883113e-6,1.2309594173401
AG,1.80471075528226e-6,1.2309594173402
HN,1.80442627770193e-6,1.2309594173402
AG,1.14132536166125e-6,1.2309594173403
HN,1.14129441003188e-6,1.2309594173403
AG,6.83205269666591e-7,1.2309594173404
HN,6.83105318020687e-7,1.2309594173404
AG,2.23500086552499e-6,1.2309594173447
HN,2.23523652497086e-6,1.2309594173447
AG,1.64675565649536e-6,1.2309594173448
HN,1.64706464222404e-6,1.2309594173448
AG,4.45854860430401e-6,1.2309594173449
HN,4.46107801904365e-6,1.2309594173449
AG,6.48820131497573e-6,1.230959417345
HN,6.48899573303116e-6,1.230959417345
AG,2.40908397575546e-6,1.2309594173451
HN,2.40930270404405e-6,1.2309594173451
AG,1.41649847886605e-6,1.2309594173452
HN,1.41617634477769e-6,1.2309594173452
AG,1.79649894156913e-6,1.2309594173453
HN,1.79526462843152e-6,1.2309594173453
AG,0.000603149321402891,1.23095941614
HN,0.000603132942873713,1.23095941614
AG,0.000597605553735689,1.23095941615
HN,0.000597587708405717,1.23095941615
AG,0.000594123081778023,1.23095941616
HN,0.000594104865916716,1.23095941616
AG,0.000589964537411953,1.23095941617
HN,0.000589947642270666,1.23095941617
AG,0.000586151718345555,1.23095941618
HN,0.000586134983357560,1.23095941618
AG,0.000579028410774479,1.23095941619
HN,0.000579011436094052,1.23095941619
AG,0.000571843896231289,1.2309594162
HN,0.000571827830579534,1.2309594162
AG,0.000182925162422902,1.23095941698
HN,0.000182921609036314,1.23095941698
AG,0.000176450636876454,1.23095941699
HN,0.000176446611213126,1.23095941699
AG,0.000173537027473239,1.230959417
HN,0.000173530933451099,1.230959417
AG,0.000164877681567690,1.23095941701
HN,0.000164872770724876,1.23095941701
AG,0.000162588013083783,1.23095941702
HN,0.000162583368792185,1.23095941702
AG,0.000158109810634287,1.23095941703
HN,0.000158105227943364,1.23095941703
AG,0.000151400199295091,1.23095941704
HN,0.000151395487028214,1.23095941704
AG,9.90463519588761e-5,1.23095941754
HN,9.90434193780793e-5,1.23095941754
AG,0.000107333955036978,1.23095941755
HN,0.000107332232386917,1.23095941755
AG,0.000110285525638704,1.23095941756
HN,0.000110282969793481,1.23095941756
AG,0.000115807445168265,1.23095941757
HN,0.000115804941106269,1.23095941757
AG,0.000119461740458803,1.23095941758
HN,0.000119457593922997,1.23095941758
AG,0.000122506451598732,1.23095941759
HN,0.000122503461568264,1.23095941759
AG,0.000125712595655620,1.2309594176
HN,0.000125709228545934,1.2309594176
AG,3.23112637838116e-6,1.2309594173349
HN,3.23069668091215e-6,1.2309594173349
AG,4.52206799322982e-6,1.230959417335
HN,4.52014207592934e-6,1.230959417335
AG,2.46063917930495e-6,1.2309594173351
HN,2.46117258641674e-6,1.2309594173351
AG,3.12704132405565e-6,1.2309594173352
HN,3.12694394228721e-6,1.2309594173352
AG,1.63678146564885e-6,1.2309594173353
HN,1.63664876473911e-6,1.2309594173353
AG,4.82417300895742e-6,1.2309594173354
HN,4.82398164430922e-6,1.2309594173354
AG,4.10346582465471e-6,1.2309594173355
HN,4.10340637221629e-6,1.2309594173355
AG,6.77083226981667e-7,1.2309594173405
HN,6.77761659285246e-7,1.2309594173405
AG,3.60632160952505e-6,1.2309594173406
HN,3.60616625869620e-6,1.2309594173406
AG,3.65758244267444e-6,1.2309594173407
HN,3.65805802181318e-6,1.2309594173407
AG,2.18646604849761e-6,1.2309594173408
HN,2.18730106659259e-6,1.2309594173408
AG,3.59284860756354e-7,1.2309594173409
HN,3.59048787647488e-7,1.2309594173409
AG,1.76787432884122e-6,1.230959417341
HN,1.76606555270087e-6,1.230959417341
AG,6.44540520458293e-7,1.2309594173411
HN,6.44602219208443e-7,1.2309594173411
AG,2.54163799873994e-6,1.2309594173412
HN,2.54113401703359e-6,1.2309594173412
AG,7.43942090493136e-7,1.2309594173413
HN,7.43828061747437e-7,1.2309594173413
AG,1.59147958538197e-6,1.2309594173414
HN,1.59182952695316e-6,1.2309594173414
AG,3.71437604085654e-7,1.2309594173415
HN,3.70770564622706e-7,1.2309594173415
AG,6.69529632634382e-7,1.2309594173416
HN,6.69409137907489e-7,1.2309594173416
AG,6.57874017931576e-7,1.2309594173417
HN,6.58949497186023e-7,1.2309594173417
AG,2.11234629645219e-6,1.2309594173418
HN,2.11211185524133e-6,1.2309594173418
AG,3.02196886735297e-6,1.2309594173475
HN,3.02149036601807e-6,1.2309594173475
AG,2.65940530652535e-6,1.2309594173476
HN,2.66079331748834e-6,1.2309594173476
AG,3.24217672177090e-6,1.2309594173477
HN,3.24186965778866e-6,1.2309594173477
AG,3.15473016351522e-6,1.2309594173478
HN,3.15490137276478e-6,1.2309594173478
AG,3.52169321876460e-6,1.2309594173479
HN,3.52130358265109e-6,1.2309594173479
AG,2.45432734185924e-6,1.230959417348
HN,2.45393187243844e-6,1.230959417348
AG,3.24603323897418e-6,1.2309594173481
HN,3.24533373351409e-6,1.2309594173481
AG,0.000533503954345681,1.23095941628
HN,0.000533488444089839,1.23095941628
AG,0.000528469104410468,1.23095941629
HN,0.000528453327812618,1.23095941629
AG,0.000523315851451613,1.2309594163
HN,0.000523300513026581,1.2309594163
AG,0.000516243129494305,1.23095941631
HN,0.000516227582099041,1.23095941631
AG,0.000512604438417671,1.23095941632
HN,0.000512589151248715,1.23095941632
AG,0.000507131789398002,1.23095941633
HN,0.000507116728684492,1.23095941633
AG,0.000502869347623786,1.23095941634
HN,0.000502854880358031,1.23095941634
AG,0.000144764308073053,1.23095941705
HN,0.000144760639663548,1.23095941705
AG,0.000140239918869695,1.23095941706
HN,0.000140234256584586,1.23095941706
AG,0.000136561462039902,1.23095941707
HN,0.000136556027689210,1.23095941707
AG,0.000130229964850533,1.23095941708
HN,0.000130225257082578,1.23095941708
AG,0.000124294485668516,1.23095941709
HN,0.000124290744279964,1.23095941709
AG,0.000122132743393192,1.2309594171
HN,0.000122129966450455,1.2309594171
AG,0.000116942493290518,1.23095941711
HN,0.000116939451365375,1.23095941711
AG,0.000134919581889225,1.23095941761
HN,0.000134915112963138,1.23095941761
AG,0.000139116438239851,1.23095941762
HN,0.000139112138432567,1.23095941762
AG,0.000144426376890533,1.23095941763
HN,0.000144422640123581,1.23095941763
AG,0.000149633071769035,1.23095941764
HN,0.000149629819273825,1.23095941764
AG,0.000157411625585059,1.23095941765
HN,0.000157407075441285,1.23095941765
AG,0.000160061709498214,1.23095941766
HN,0.000160056412827965,1.23095941766
AG,0.000166403536866576,1.23095941767
HN,0.000166398131527348,1.23095941767
AG,42554.6622759397,1.149
HN,42554.6617308451,1.149
AG,42007.6825440656,1.15
HN,42007.6820049081,1.15
AG,41461.3537818609,1.151
HN,41461.3532486606,1.151
AG,40915.6773677070,1.152
HN,40915.6768404808,1.152
AG,40370.6546927681,1.153
HN,40370.6541715328,1.153
AG,39826.2871308560,1.154
HN,39826.2866156309,1.154
AG,39282.5760640872,1.155
HN,39282.5755548898,1.155
AG,34956.6850372011,1.163
HN,34956.6845768750,1.163
AG,34418.9436650365,1.164
HN,34418.9432108997,1.164
AG,33881.8723255433,1.165
HN,33881.8718776162,1.165
AG,33345.4723504779,1.166
HN,33345.4719087738,1.166
AG,32809.7450736321,1.167
HN,32809.7446381716,1.167
AG,32274.6918144631,1.168
HN,32274.6913852621,1.168
AG,31740.3138944813,1.169
HN,31740.3134715581,1.169
AG,11082.8709766696,1.254
HN,11082.8708029904,1.254
AG,11554.6738484717,1.255
HN,11554.6736670610,1.255
AG,12025.7021031809,1.256
HN,12025.7019140239,1.256
AG,12495.9547764995,1.257
HN,12495.9545795831,1.257
AG,12965.4309189970,1.258
HN,12965.4307143005,1.258
AG,13434.1295709149,1.259
HN,13434.1293584233,1.259
AG,13902.0498038593,1.26
HN,13902.0495835582,1.26
AG,0.000569352039493763,1.23095941621
HN,0.000569335579655103,1.23095941621
AG,0.000562904675968719,1.23095941622
HN,0.000562889461267562,1.23095941622
AG,0.000559152046519476,1.23095941623
HN,0.000559133588246897,1.23095941623
AG,0.000552684546744479,1.23095941624
HN,0.000552667368906308,1.23095941624
AG,0.000549977394762718,1.23095941625
HN,0.000549960014352777,1.23095941625
AG,0.000543083715589991,1.23095941626
HN,0.000543068496333681,1.23095941626
AG,0.000537331394656633,1.23095941627
HN,0.000537317115368706,1.23095941627
AG,0.000252212425702703,1.23095941684
HN,0.000252204854616332,1.23095941684
AG,0.000246329318726480,1.23095941685
HN,0.000246321864015130,1.23095941685
AG,0.000243870059187397,1.23095941686
HN,0.000243862521391205,1.23095941686
AG,0.000235126866258782,1.23095941687
HN,0.000235119387841815,1.23095941687
AG,0.000231205133413904,1.23095941688
HN,0.000231197208171405,1.23095941688
AG,0.000226042050320375,1.23095941689
HN,0.000226036320401290,1.23095941689
AG,0.000220752289250756,1.2309594169
HN,0.000220746159180354,1.2309594169
AG,3.03059954494514e-5,1.2309594174
HN,3.03039904572027e-5,1.2309594174
AG,3.62991933808113e-5,1.23095941741
HN,3.62987654262335e-5,1.23095941741
AG,3.95745612669837e-5,1.23095941742
HN,3.95743044535930e-5,1.23095941742
AG,4.55083704610401e-5,1.23095941743
HN,4.55072160837113e-5,1.23095941743
AG,4.89857565660494e-5,1.23095941744
HN,4.89842387708745e-5,1.23095941744
AG,5.49283850166934e-5,1.23095941745
HN,5.49260853919846e-5,1.23095941745
AG,6.01406476571390e-5,1.23095941746
HN,6.01382474509272e-5,1.23095941746
AG,0.000311935513488289,1.23095941796
HN,0.000311927570676371,1.23095941796
AG,0.000317378104654733,1.23095941797
HN,0.000317369798461513,1.23095941797
AG,0.000321429150095077,1.23095941798
HN,0.000321419744726050,1.23095941798
AG,0.000327717519432729,1.23095941799
HN,0.000327708298455009,1.23095941799
AG,3.81618572736748e-6,1.2309594173342
HN,3.81752802767989e-6,1.2309594173342
AG,4.05401684313469e-6,1.2309594173343
HN,4.05430324013430e-6,1.2309594173343
AG,8.29900324638931e-6,1.2309594173344
HN,8.29810934348592e-6,1.2309594173344
AG,3.73974951166124e-6,1.2309594173345
HN,3.73934811745419e-6,1.2309594173345
AG,3.22423070080638e-6,1.2309594173346
HN,3.22339533254229e-6,1.2309594173346
AG,5.09500791926528e-6,1.2309594173347
HN,5.09558295539993e-6,1.2309594173347
AG,6.10086291902084e-6,1.2309594173348
HN,6.09988316625852e-6,1.2309594173348
AG,1.95905220665996e-6,1.2309594173391
HN,1.95828270760855e-6,1.2309594173391
AG,1.43808444868147e-6,1.2309594173392
HN,1.43921977502906e-6,1.2309594173392
AG,1.83629926053233e-6,1.2309594173393
HN,1.83585509312267e-6,1.2309594173393
AG,7.48950606091317e-7,1.2309594173394
HN,7.48326270189969e-7,1.2309594173394
AG,2.69890205066826e-6,1.2309594173395
HN,2.69908171377838e-6,1.2309594173395
AG,8.35554116978796e-7,1.2309594173396
HN,8.35497525436317e-7,1.2309594173396
AG,3.50994664829151e-6,1.2309594173397
HN,3.51024721376073e-6,1.2309594173397
AG,4.35881180107471e-6,1.2309594173461
HN,4.35769338459542e-6,1.2309594173461
AG,5.27937135972751e-6,1.2309594173462
HN,5.28022656155838e-6,1.2309594173462
AG,4.48487077332911e-6,1.2309594173463
HN,4.48472549363880e-6,1.2309594173463
AG,3.94565389148134e-6,1.2309594173464
HN,3.94603458734342e-6,1.2309594173464
AG,3.09999714003431e-6,1.2309594173465
HN,3.09977576222060e-6,1.2309594173465
AG,2.73354363473546e-6,1.2309594173466
HN,2.73318054807641e-6,1.2309594173466
AG,6.27473792060167e-6,1.2309594173467
HN,6.27484377700259e-6,1.2309594173467
AG,4.38275154799387e-6,1.2309594173314
HN,4.38339269751606e-6,1.2309594173314
AG,3.07569755926938e-6,1.2309594173315
HN,3.07529503487994e-6,1.2309594173315
AG,5.99513869737946e-6,1.2309594173316
HN,5.99519962863650e-6,1.2309594173316
AG,3.84215736117601e-6,1.2309594173317
HN,3.84310802685606e-6,1.2309594173317
AG,2.28767222570625e-6,1.2309594173318
HN,2.28691491630300e-6,1.2309594173318
AG,5.58093023074397e-6,1.2309594173319
HN,5.58111737259705e-6,1.2309594173319
AG,7.41918714455643e-6,1.230959417332
HN,7.41845670448407e-6,1.230959417332
AG,2.21937594658030e-6,1.2309594173363
HN,2.21969218214283e-6,1.2309594173363
AG,2.69368814303240e-6,1.2309594173364
HN,2.69385413329014e-6,1.2309594173364
AG,3.59429576922605e-6,1.2309594173365
HN,3.59443542713385e-6,1.2309594173365
AG,3.24056252171515e-6,1.2309594173366
HN,3.23896183232726e-6,1.2309594173366
AG,2.82519835039039e-6,1.2309594173367
HN,2.82591138807107e-6,1.2309594173367
AG,1.20486019724194e-6,1.2309594173368
HN,1.20455477537820e-6,1.2309594173368
AG,4.31606126041936e-6,1.2309594173369
HN,4.31560243567083e-6,1.2309594173369
AG,2.42079329483761e-6,1.230959417344
HN,2.41878007911345e-6,1.230959417344
AG,3.94156684408699e-6,1.2309594173441
HN,3.94199177303880e-6,1.2309594173441
AG,1.57126120907413e-6,1.2309594173442
HN,1.57069911611018e-6,1.2309594173442
AG,3.35035753964896e-6,1.2309594173443
HN,3.35060186651517e-6,1.2309594173443
AG,4.18719341597906e-6,1.2309594173444
HN,4.18685390015507e-6,1.2309594173444
AG,2.73185255652078e-6,1.2309594173445
HN,2.73174839710514e-6,1.2309594173445
AG,2.04293288001129e-6,1.2309594173446
HN,2.04280757630847e-6,1.2309594173446
AG,0.000426550644266681,1.23095941649
HN,0.000426537921110900,1.23095941649
AG,0.000423781875403573,1.2309594165
HN,0.000423769740812907,1.2309594165
AG,0.000419103366971330,1.23095941651
HN,0.000419090256133058,1.23095941651
AG,0.000414028801628210,1.23095941652
HN,0.000414015997596545,1.23095941652
AG,0.000407463797419710,1.23095941653
HN,0.000407451440778755,1.23095941653
AG,0.000403338830475917,1.23095941654
HN,0.000403326657868671,1.23095941654
AG,0.000397522612050671,1.23095941655
HN,0.000397510980653244,1.23095941655
AG,0.000214422406466639,1.23095941691
HN,0.000214417259232003,1.23095941691
AG,0.000212977109097874,1.23095941692
HN,0.000212970300376267,1.23095941692
AG,0.000205593164144156,1.23095941693
HN,0.000205586693634467,1.23095941693
AG,0.000203990637274599,1.23095941694
HN,0.000203984393580881,1.23095941694
AG,0.000194539256016223,1.23095941695
HN,0.000194535553704276,1.23095941695
AG,0.000189124376664463,1.23095941696
HN,0.000189119260387679,1.23095941696
AG,0.000184972733649517,1.23095941697
HN,0.000184968063594724,1.23095941697
AG,6.34912871727081e-5,1.23095941747
HN,6.34901324566677e-5,1.23095941747
AG,7.04594600958439e-5,1.23095941748
HN,7.04571575246367e-5,1.23095941748
AG,7.68843848324247e-5,1.23095941749
HN,7.68820661710579e-5,1.23095941749
AG,7.99685342317237e-5,1.2309594175
HN,7.99654081228304e-5,1.2309594175
AG,8.48192050639648e-5,1.23095941751
HN,8.48171174648218e-5,1.23095941751
AG,9.09420286902675e-5,1.23095941752
HN,9.09399436882744e-5,1.23095941752
AG,9.46120373150784e-5,1.23095941753
HN,9.46084834725033e-5,1.23095941753
AG,435.889672669981,1.23007
HN,435.889666139262,1.23007
AG,430.985532275155,1.23008
HN,430.985525816657,1.23008
AG,426.081464730959,1.23009
HN,426.081458346605,1.23009
AG,421.177472558551,1.2301
HN,421.177466247473,1.2301
AG,416.273557046968,1.23011
HN,416.273550808493,1.23011
AG,411.369717739432,1.23012
HN,411.369711576332,1.23012
AG,406.465949224471,1.23013
HN,406.465943131822,1.23013
AG,92.7807887061741,1.23077
HN,92.7807873146137,1.23077
AG,87.8818951348878,1.23078
HN,87.8818938183030,1.23078
AG,82.9830756512925,1.23079
HN,82.9830744064373,1.23079
AG,78.0843366924085,1.2308
HN,78.0843355226559,1.2308
AG,73.1856663633200,1.23081
HN,73.1856652653440,1.23081
AG,68.2870726360913,1.23082
HN,68.2870716123874,1.23082
AG,63.3885523911470,1.23083
HN,63.3885514400181,1.23083
AG,112.908135461344,1.23119
HN,112.908133762791,1.23119
AG,117.803878011269,1.2312
HN,117.803876242625,1.2312
AG,122.699544422869,1.23121
HN,122.699542581473,1.23121
AG,127.595136981887,1.23122
HN,127.595135067008,1.23122
AG,132.490652065338,1.23123
HN,132.490650076082,1.23123
AG,137.386096384953,1.23124
HN,137.386094321164,1.23124
AG,142.281460273741,1.23125
HN,142.281458136805,1.23125
AG,386.954063022745,1.23175
HN,386.954057206527,1.23175
AG,391.845603516470,1.23176
HN,391.845597626081,1.23176
AG,396.737064227757,1.23177
HN,396.737058265589,1.23177
AG,401.628450807041,1.23178
HN,401.628444769214,1.23178
AG,406.519761240212,1.23179
HN,406.519755129453,1.23179
AG,411.410995421895,1.2318
HN,411.410989235079,1.2318
AG,416.302160006603,1.23181
HN,416.302153747684,1.23181
AG,229.980256913379,1.23049
HN,229.980253464910,1.23049
AG,225.079262767732,1.2305
HN,225.079259391550,1.2305
AG,220.178344730960,1.23051
HN,220.178341427984,1.23051
AG,215.277501152614,1.23052
HN,215.277497926200,1.23052
AG,210.376731823210,1.23053
HN,210.376728668472,1.23053
AG,205.476037733304,1.23054
HN,205.476034651799,1.23054
AG,200.575420366343,1.23055
HN,200.575417357233,1.23055
AG,10.0802178306898,1.23098
HN,10.0802176782543,1.23098
AG,14.9775377154073,1.23099
HN,14.9775374907886,1.23099
AG,19.8747772178808,1.231
HN,19.8747769184126,1.231
AG,24.7719467737396,1.23101
HN,24.7719464027672,1.23101
AG,29.6690410402705,1.23102
HN,29.6690405945821,1.23102
AG,34.5660575126148,1.23103
HN,34.5660569922266,1.23103
AG,39.4629967466188,1.23104
HN,39.4629961535559,1.23104
AG,284.214435260203,1.23154
HN,284.214430987743,1.23154
AG,289.107550860346,1.23155
HN,289.107546516516,1.23155
AG,294.000589564046,1.23156
HN,294.000585145797,1.23156
AG,298.893554497434,1.23157
HN,298.893550007597,1.23157
AG,303.786444432724,1.23158
HN,303.786439868363,1.23158
AG,308.679257617945,1.23159
HN,308.679252978683,1.23159
AG,313.571996475913,1.2316
HN,313.571991764290,1.2316
AG,264.289307987745,1.23042
HN,264.289304023500,1.23042
AG,259.387791218998,1.23043
HN,259.387787329834,1.23043
AG,254.486347008514,1.23044
HN,254.486343191126,1.23044
AG,249.584978589432,1.23045
HN,249.584974846175,1.23045
AG,244.683685266196,1.23046
HN,244.683681596665,1.23046
AG,239.782468658960,1.23047
HN,239.782465063023,1.23047
AG,234.881325463556,1.23048
HN,234.881321941814,1.23048
AG,44.3598686530362,1.23105
HN,44.3598679865378,1.23105
AG,49.2566601699274,1.23106
HN,49.2566594307141,1.23106
AG,54.1533780578810,1.23107
HN,54.1533772456581,1.23107
AG,59.0500182657434,1.23108
HN,59.0500173770996,1.23108
AG,63.9465908586540,1.23109
HN,63.9465898987575,1.23109
AG,68.8430805525203,1.2311
HN,68.8430795176194,1.2311
AG,73.7394990433961,1.23111
HN,73.7394979369756,1.23111
AG,249.960533935388,1.23147
HN,249.960530179269,1.23147
AG,254.854171741795,1.23148
HN,254.854167913985,1.23148
AG,259.747739446644,1.23149
HN,259.747735544320,1.23149
AG,264.641230592444,1.2315
HN,264.641226618313,1.2315
AG,269.534641374670,1.23151
HN,269.534637325448,1.23151
AG,274.427983521979,1.23152
HN,274.427979399617,1.23152
AG,279.321245756077,1.23153
HN,279.321241559048,1.23153
AG,489.660567671782,1.23196
HN,489.660560309244,1.23196
AG,494.550523544317,1.23197
HN,494.550516108246,1.23197
AG,499.440408097681,1.23198
HN,499.440400588132,1.23198
AG,504.330218173612,1.23199
HN,504.330210590024,1.23199
AG,470.220764497295,1.2300000000000002
HN,470.220757452511,1.2300000000000002
AG,465.316099792317,1.23001
HN,465.316092820229,1.23001
AG,460.411505636819,1.23002
HN,460.411498738027,1.23002
AG,455.506990849029,1.23003
HN,455.506984023952,1.23003
AG,450.602549058895,1.23004
HN,450.602542308337,1.23004
AG,445.698182302171,1.23005
HN,445.698175623169,1.23005
AG,440.793890386054,1.23006
HN,440.793883781274,1.23006
AG,58.4901100307075,1.23084
HN,58.4901091523331,1.23084
AG,53.5917413397496,1.23085
HN,53.5917405359678,1.23085
AG,48.6934506284292,1.23086
HN,48.6934498976295,1.23086
AG,43.7952293486821,1.23087
HN,43.7952286912536,1.23087
AG,38.8970882725897,1.23088
HN,38.8970876906380,1.23088
AG,33.9990194527574,1.23089
HN,33.9990189422906,1.23089
AG,29.1010247075296,1.2309
HN,29.1010242699713,1.2309
AG,147.176753569600,1.23126
HN,147.176751359774,1.23126
AG,152.071968254574,1.23127
HN,152.071965970256,1.23127
AG,156.967108637215,1.23128
HN,156.967106278884,1.23128
AG,161.862177030541,1.23129
HN,161.862174598947,1.23129
AG,166.757170576107,1.2313
HN,166.757168072754,1.2313
AG,171.652083976261,1.23131
HN,171.652081397716,1.23131
AG,176.546927347939,1.23132
HN,176.546924696130,1.23132
AG,455.428747119214,1.23189
HN,455.428740271382,1.23189
AG,460.319230457551,1.2319
HN,460.319223536951,1.2319
AG,465.209642041024,1.23191
HN,465.209635045750,1.23191
AG,470.099979364845,1.23192
HN,470.099972296407,1.23192
AG,474.990238426197,1.23193
HN,474.990231283649,1.23193
AG,479.880420330085,1.23194
HN,479.880413113713,1.23194
AG,484.770527167500,1.23195
HN,484.770519876941,1.23195
AG,4.70122556307770e-6,1.2309594173321
HN,4.70095479772144e-6,1.2309594173321
AG,3.22834876556980e-6,1.2309594173322
HN,3.22894224618008e-6,1.2309594173322
AG,3.68739948038940e-6,1.2309594173323
HN,3.68815709383096e-6,1.2309594173323
AG,2.22165538397086e-6,1.2309594173324
HN,2.22131515668744e-6,1.2309594173324
AG,3.89348324500118e-6,1.2309594173325
HN,3.89346118129434e-6,1.2309594173325
AG,4.67353177554526e-6,1.2309594173326
HN,4.67337106088020e-6,1.2309594173326
AG,5.75499511743112e-6,1.2309594173327
HN,5.75440288637324e-6,1.2309594173327
AG,6.47376357478661e-6,1.2309594173356
HN,6.47442671875394e-6,1.2309594173356
AG,4.64514182301728e-6,1.2309594173357
HN,4.64504682938716e-6,1.2309594173357
AG,2.58528543183018e-6,1.2309594173358
HN,2.58652628342454e-6,1.2309594173358
AG,3.15955397929483e-6,1.2309594173359
HN,3.15879488354755e-6,1.2309594173359
AG,3.80687722808106e-6,1.230959417336
HN,3.80500821061997e-6,1.230959417336
AG,3.79233209054763e-6,1.2309594173361
HN,3.79141574863612e-6,1.2309594173361
AG,2.66544965985412e-6,1.2309594173362
HN,2.66582891684954e-6,1.2309594173362
AG,5.58569501257496e-6,1.2309594173419
HN,5.58555469261869e-6,1.2309594173419
AG,2.79756015476575e-6,1.230959417342
HN,2.79736346058717e-6,1.230959417342
AG,7.43463208723564e-7,1.2309594173421
HN,7.44016004072587e-7,1.2309594173421
AG,1.08082826817918e-6,1.2309594173422
HN,1.08130589117354e-6,1.2309594173422
AG,3.42065051814997e-6,1.2309594173423
HN,3.42093075079782e-6,1.2309594173423
AG,2.02392345701241e-6,1.2309594173424
HN,2.02396748684362e-6,1.2309594173424
AG,3.22650041012668e-6,1.2309594173425
HN,3.22731368591594e-6,1.2309594173425
AG,2.67077041698468e-6,1.2309594173468
HN,2.66994088176155e-6,1.2309594173468
AG,5.97426777311703e-6,1.2309594173469
HN,5.97445504635046e-6,1.2309594173469
AG,3.84789064883221e-6,1.230959417347
HN,3.84860959264043e-6,1.230959417347
AG,4.34509370617479e-6,1.2309594173471
HN,4.34651951171522e-6,1.2309594173471
AG,1.18164381293266e-5,1.2309594173472
HN,1.18159889451849e-5,1.2309594173472
AG,2.94646552575106e-6,1.2309594173473
HN,2.94602439306385e-6,1.2309594173473
AG,3.36439860169595e-6,1.2309594173474
HN,3.36605303485461e-6,1.2309594173474
AG,0.000675488637830687,1.230959416
HN,0.000675467962620721,1.230959416
AG,0.000669874126136208,1.23095941601
HN,0.000669855260213752,1.23095941601
AG,0.000663662379582590,1.23095941602
HN,0.000663642006512303,1.23095941602
AG,0.000658615763619540,1.23095941603
HN,0.000658595819761496,1.23095941603
AG,0.000654228355949294,1.23095941604
HN,0.000654209712047125,1.23095941604
AG,0.000650689397593450,1.23095941605
HN,0.000650669022800682,1.23095941605
AG,0.000642013321901114,1.23095941606
HN,0.000641994222470684,1.23095941606
AG,0.000392460060684706,1.23095941656
HN,0.000392448829773588,1.23095941656
AG,0.000387615093850595,1.23095941657
HN,0.000387603072823181,1.23095941657
AG,0.000383257006478388,1.23095941658
HN,0.000383245448157969,1.23095941658
AG,0.000377833217122704,1.23095941659
HN,0.000377822131826802,1.23095941659
AG,0.000373165062461368,1.2309594166
HN,0.000373154746044597,1.2309594166
AG,0.000364729502746590,1.23095941661
HN,0.000364718810634351,1.23095941661
AG,0.000361972387563068,1.23095941662
HN,0.000361961803541231,1.23095941662
AG,0.000112781180474628,1.23095941712
HN,0.000112779042390438,1.23095941712
AG,0.000105513347617095,1.23095941713
HN,0.000105509552385729,1.23095941713
AG,0.000100150402225736,1.23095941714
HN,0.000100147467832434,1.23095941714
AG,9.52677268591362e-5,1.23095941715
HN,9.52656395313743e-5,1.23095941715
AG,9.29333602311072e-5,1.23095941716
HN,9.29315403460652e-5,1.23095941716
AG,8.36039965511998e-5,1.23095941717
HN,8.36016298730853e-5,1.23095941717
AG,8.22186991809974e-5,1.23095941718
HN,8.22179814825602e-5,1.23095941718
AG,0.000171407723858180,1.23095941768
HN,0.000171402453905246,1.23095941768
AG,0.000178194120742655,1.23095941769
HN,0.000178189077631736,1.23095941769
AG,0.000179248149845405,1.2309594177
HN,0.000179242556417424,1.2309594177
AG,0.000185329817935709,1.23095941771
HN,0.000185324023340634,1.23095941771
AG,0.000191207557912401,1.23095941772
HN,0.000191202682995758,1.23095941772
AG,0.000195445225184987,1.23095941773
HN,0.000195438847170339,1.23095941773
AG,0.000200496197539144,1.23095941774
HN,0.000200489826481662,1.23095941774
AG,0.000464581504222166,1.23095941642
HN,0.000464567321759589,1.23095941642
AG,0.000457607581580738,1.23095941643
HN,0.000457594058187905,1.23095941643
AG,0.000452648722198958,1.23095941644
HN,0.000452634829761704,1.23095941644
AG,0.000448246636488606,1.23095941645
HN,0.000448233220682956,1.23095941645
AG,0.000441247474479941,1.23095941646
HN,0.000441234371364272,1.23095941646
AG,0.000438781130916254,1.23095941647
HN,0.000438768096853005,1.23095941647
AG,0.000434539162710621,1.23095941648
HN,0.000434527274554127,1.23095941648
AG,0.000288935200715035,1.23095941677
HN,0.000288926757882620,1.23095941677
AG,0.000284533205098663,1.23095941678
HN,0.000284524602758880,1.23095941678
AG,0.000277471490210713,1.23095941679
HN,0.000277462816598043,1.23095941679
AG,0.000271813545281491,1.2309594168
HN,0.000271805693360375,1.2309594168
AG,0.000266921167356059,1.23095941681
HN,0.000266913742293718,1.23095941681
AG,0.000262078762300027,1.23095941682
HN,0.000262071427466776,1.23095941682
AG,0.000255514221530472,1.23095941683
HN,0.000255507927275749,1.23095941683
AG,5.50534068415199e-6,1.23095941733
HN,5.50632837879200e-6,1.23095941733
AG,1.62551053258285e-6,1.23095941734
HN,1.62539717875360e-6,1.23095941734
AG,6.51707064662978e-6,1.23095941735
HN,6.51745429236237e-6,1.23095941735
AG,1.14335052545034e-5,1.23095941736
HN,1.14333988366105e-5,1.23095941736
AG,1.43484975347302e-5,1.23095941737
HN,1.43478560146798e-5,1.23095941737
AG,1.84936883976816e-5,1.23095941738
HN,1.84937440972818e-5,1.23095941738
AG,2.72859563075487e-5,1.23095941739
HN,2.72846328625970e-5,1.23095941739
AG,0.000206104512258823,1.23095941775
HN,0.000206097740127837,1.23095941775
AG,0.000208436938963868,1.23095941776
HN,0.000208432011161951,1.23095941776
AG,0.000222279134760140,1.23095941777
HN,0.000222272787291285,1.23095941777
AG,0.000222444477512827,1.23095941778
HN,0.000222437780718799,1.23095941778
AG,0.000225541402589793,1.23095941779
HN,0.000225535813191265,1.23095941779
AG,0.000229755391558798,1.2309594178
HN,0.000229747845051802,1.2309594178
AG,0.000237803337124457,1.23095941781
HN,0.000237795831781599,1.23095941781
AG,6.39556346864012e-6,1.2309594173307
HN,6.39498982907002e-6,1.2309594173307
AG,1.03905433924461e-5,1.2309594173308
HN,1.03912544739036e-5,1.2309594173308
AG,5.13820292392728e-6,1.2309594173309
HN,5.13782437662980e-6,1.2309594173309
AG,5.16155017828781e-6,1.230959417331
HN,5.16067164648730e-6,1.230959417331
AG,7.39220554651446e-6,1.2309594173311
HN,7.39162863080309e-6,1.2309594173311
AG,5.73212320441913e-6,1.2309594173312
HN,5.73231219517504e-6,1.2309594173312
AG,4.72880497227396e-6,1.2309594173313
HN,4.72836425566938e-6,1.2309594173313
AG,1.89607354525107e-6,1.2309594173384
HN,1.89483144901609e-6,1.2309594173384
AG,1.82172942943386e-6,1.2309594173385
HN,1.82168984614656e-6,1.2309594173385
AG,1.23208368517229e-6,1.2309594173386
HN,1.23184472971168e-6,1.2309594173386
AG,2.92922493666867e-6,1.2309594173387
HN,2.92900439827996e-6,1.2309594173387
AG,3.68735588220974e-6,1.2309594173388
HN,3.68832727725154e-6,1.2309594173388
AG,1.03619464954069e-6,1.2309594173389
HN,1.03772759870877e-6,1.2309594173389
AG,6.66547349441293e-6,1.230959417339
HN,6.66739613121637e-6,1.230959417339
AG,3.71634272503800e-6,1.2309594173433
HN,3.71437782879367e-6,1.2309594173433
AG,6.17422446433212e-7,1.2309594173434
HN,6.18912436597812e-7,1.2309594173434
AG,2.65723832094692e-6,1.2309594173435
HN,2.65867143133479e-6,1.2309594173435
AG,3.80274340989794e-6,1.2309594173436
HN,3.80301653095796e-6,1.2309594173436
AG,1.21020318887499e-6,1.2309594173437
HN,1.21179070398968e-6,1.2309594173437
AG,1.47410801367004e-6,1.2309594173438
HN,1.47433920757618e-6,1.2309594173438
AG,8.91227041041694e-7,1.2309594173439
HN,8.91133396931895e-7,1.2309594173439
AG,3.39596817926524e-6,1.2309594173489
HN,3.39546776181706e-6,1.2309594173489
AG,3.53749916145318e-6,1.230959417349
HN,3.53762659371132e-6,1.230959417349
AG,5.68485143971618e-6,1.2309594173491
HN,5.68473556914697e-6,1.2309594173491
AG,3.81820261426099e-6,1.2309594173492
HN,3.81788555019597e-6,1.2309594173492
AG,8.23993941738342e-6,1.2309594173493
HN,8.24039917961253e-6,1.2309594173493
AG,7.11461420530022e-6,1.2309594173494
HN,7.11501579700790e-6,1.2309594173494
AG,3.11056079457605e-6,1.2309594173495
HN,3.11086604644842e-6,1.2309594173495
AG,401.562254612038,1.23014
HN,401.562248593428,1.23014
AG,396.658639435259,1.23015
HN,396.658633490901,1.23015
AG,391.755098966829,1.23016
HN,391.755093095663,1.23016
AG,386.851627441650,1.23017
HN,386.851621644556,1.23017
AG,381.948237526827,1.23018
HN,381.948231801807,1.23018
AG,377.044919607710,1.23019
HN,377.044913956311,1.23019
AG,372.141675252763,1.2302
HN,372.141669675378,1.2302
AG,195.674875831087,1.23056
HN,195.674872896476,1.23056
AG,190.774407022038,1.23057
HN,190.774404160270,1.23057
AG,185.874013818719,1.23058
HN,185.874011030664,1.23058
AG,180.973696563047,1.23059
HN,180.973693848037,1.23059
AG,176.073450787021,1.2306
HN,176.073448146228,1.2306
AG,171.173285332110,1.23061
HN,171.173282764051,1.23061
AG,166.273189961627,1.23062
HN,166.273187466396,1.23062
AG,78.6358380630024,1.23112
HN,78.6358368826364,1.23112
AG,83.5321071146878,1.23113
HN,83.5321058603517,1.23113
AG,88.4283009349222,1.23114
HN,88.4282996074161,1.23114
AG,93.3244156302773,1.23115
HN,93.3244142294174,1.23115
AG,98.2204585589390,1.23116
HN,98.2204570827814,1.23116
AG,103.116426872235,1.23117
HN,103.116425323296,1.23117
AG,108.012315840814,1.23118
HN,108.012314219333,1.23118
AG,352.711202732827,1.23168
HN,352.711197433009,1.23168
AG,357.603264634401,1.23169
HN,357.603259261758,1.23169
AG,362.495252974339,1.2317
HN,362.495247526706,1.2317
AG,367.387164723879,1.23171
HN,367.387159203402,1.23171
AG,372.279000934179,1.23172
HN,372.278995337803,1.23172
AG,377.170766836569,1.23173
HN,377.170761168210,1.23173
AG,382.062451484326,1.23174
HN,382.062445741532,1.23174
AG,46401.6300593019,1.142
HN,46401.6294731474,1.142
AG,45850.1327439155,1.143
HN,45850.1321635717,1.143
AG,45299.2765747928,1.144
HN,45299.2760002778,1.144
AG,44749.0629676790,1.145
HN,44749.0623990127,1.145
AG,44199.4933270842,1.146
HN,44199.4927642824,1.146
AG,43650.5690640030,1.147
HN,43650.5685070848,1.147
AG,43102.2915795227,1.148
HN,43102.2910285081,1.148
AG,20157.4834546317,1.191
HN,20157.4831743013,1.191
AG,19638.9936873772,1.192
HN,19638.9934137294,1.192
AG,19121.2097578827,1.193
HN,19121.2094909352,1.193
AG,18604.1328829387,1.194
HN,18604.1326227084,1.194
AG,18087.7642784050,1.195
HN,18087.7640249094,1.195
AG,17572.1051602185,1.196
HN,17572.1049134737,1.196
AG,17057.1567326111,1.197
HN,17057.1564926363,1.197
AG,997.813694722845,1.233
HN,997.813679690179,1.233
AG,1485.65494631991,1.234
HN,1485.65492389499,1.234
AG,1972.74266362825,1.235
HN,1972.74263379299,1.235
AG,2459.07579805957,1.236
HN,2459.07576080032,1.236
AG,2944.65330823876,1.237
HN,2944.65326353543,1.237
AG,3429.47414747485,1.238
HN,3429.47409531274,1.238
AG,3913.53730284800,1.239
HN,3913.53724321420,1.239
AG,27129.0287024746,1.289
HN,27129.0282490208,1.289
AG,27573.1781024114,1.29
HN,27573.1776406932,1.29
AG,28016.5219156271,1.291
HN,28016.5214456299,1.291
AG,28459.0593344987,1.292
HN,28459.0588562048,1.292
AG,28900.7895574376,1.293
HN,28900.7890708361,1.293
AG,29341.7117863532,1.294
HN,29341.7112914270,1.294
AG,29781.8252198666,1.295
HN,29781.8247166028,1.295
AG,50279.9436508442,1.135
HN,50279.9430245197,1.135
AG,49723.9982601860,1.136
HN,49723.9976395445,1.136
AG,49168.6840052632,1.137
HN,49168.6833903251,1.137
AG,48614.0023263238,1.138
HN,48614.0017171046,1.138
AG,48059.9546577660,1.139
HN,48059.9540542855,1.139
AG,47506.5424363736,1.14
HN,47506.5418386498,1.14
AG,46953.7670955937,1.141
HN,46953.7665036457,1.141
AG,23806.5718728558,1.184
HN,23806.5715462347,1.184
AG,23283.1757612204,1.185
HN,23283.1754411591,1.185
AG,22760.4768323492,1.186
HN,22760.4765188639,1.186
AG,22238.4763328396,1.187
HN,22238.4760259580,1.187
AG,21717.1755050655,1.188
HN,21717.1752047912,1.188
AG,21196.5755960317,1.189
HN,21196.5753023893,1.189
AG,20676.6778358619,1.19
HN,20676.6775488660,1.19
AG,7758.64276793848,1.247
HN,7758.64264793122,1.247
AG,8235.84082842955,1.248
HN,8235.84070080262,1.248
AG,8712.27108956968,1.249
HN,8712.27095430560,1.249
AG,9187.93256533188,1.25
HN,9187.93242241879,1.25
AG,9662.82426280202,1.251
HN,9662.82411222055,1.251
AG,10136.9452151112,1.252
HN,10136.9450568459,1.252
AG,10610.2944439147,1.253
HN,10610.2942779512,1.253
AG,367.238508175455,1.23021
HN,367.238502670170,1.23021
AG,362.335416980518,1.23022
HN,362.335411550881,1.23022
AG,357.432399766552,1.23023
HN,357.432394407958,1.23023
AG,352.529456910104,1.23024
HN,352.529451624953,1.23024
AG,347.626590316331,1.23025
HN,347.626585105712,1.23025
AG,342.723796217718,1.23026
HN,342.723791081321,1.23026
AG,337.821078742519,1.23027
HN,337.821073678348,1.23027
AG,24.2031064750694,1.23091
HN,24.2031061111962,1.23091
AG,19.3052646169921,1.23092
HN,19.3052643272577,1.23092
AG,14.4074953513656,1.23093
HN,14.4074951342863,1.23093
AG,9.50980507365536,1.23094
HN,9.50980493114960,1.23094
AG,4.61218406557570,1.23095
HN,4.61218399609098,1.23095
AG,0.285357173970233,1.23096
HN,0.285357169732189,1.23096
AG,5.18282498678990,1.23097
HN,5.18282490805011,1.23097
AG,215.702954408440,1.2314
HN,215.702951167500,1.2314
AG,220.597118363280,1.23141
HN,220.597115050839,1.23141
AG,225.491209403929,1.23142
HN,225.491206016061,1.23142
AG,230.385225481385,1.23143
HN,230.385222020405,1.23143
AG,235.279162785408,1.23144
HN,235.279159250509,1.23144
AG,240.173028399378,1.23145
HN,240.173024790384,1.23145
AG,245.066816857379,1.23146
HN,245.066813177854,1.23146
AG,5.50534068415199e-6,1.23095941733
HN,5.50632837879200e-6,1.23095941733
AG,4.54021773838809e-6,1.2309594173301
HN,4.53874870585624e-6,1.2309594173301
AG,5.75040053752746e-6,1.2309594173302
HN,5.75008650422998e-6,1.2309594173302
AG,7.38720810986762e-6,1.2309594173303
HN,7.38613446390512e-6,1.2309594173303
AG,7.48088755512754e-6,1.2309594173304
HN,7.48091407000135e-6,1.2309594173304
AG,7.34276986726602e-6,1.2309594173305
HN,7.34327196435612e-6,1.2309594173305
AG,5.15530727862420e-6,1.2309594173306
HN,5.15654861760125e-6,1.2309594173306
AG,2.31983315737438e-6,1.2309594173377
HN,2.31957166938217e-6,1.2309594173377
AG,4.94126372060582e-6,1.2309594173378
HN,4.94206845407163e-6,1.2309594173378
AG,1.82785464729631e-6,1.2309594173379
HN,1.82757872008563e-6,1.2309594173379
AG,1.13996356391289e-6,1.230959417338
HN,1.13987287391561e-6,1.230959417338
AG,2.19789638193276e-6,1.2309594173381
HN,2.19680757237592e-6,1.2309594173381
AG,5.98293287781914e-7,1.2309594173382
HN,5.98326322552288e-7,1.2309594173382
AG,1.99556654722453e-6,1.2309594173383
HN,1.99566478294957e-6,1.2309594173383
AG,5.08310355633537e-6,1.2309594173426
HN,5.08207200485317e-6,1.2309594173426
AG,2.42722690819808e-6,1.2309594173427
HN,2.42741280228413e-6,1.2309594173427
AG,4.17325535642914e-6,1.2309594173428
HN,4.17259564262566e-6,1.2309594173428
AG,3.87655455745004e-6,1.2309594173429
HN,3.87658048539437e-6,1.2309594173429
AG,7.50057896775715e-7,1.230959417343
HN,7.49348404804479e-7,1.230959417343
AG,6.97741133867770e-6,1.2309594173431
HN,6.97794473785269e-6,1.2309594173431
AG,2.65055621883337e-6,1.2309594173432
HN,2.65043122781917e-6,1.2309594173432
AG,3.06779084001334e-6,1.2309594173482
HN,3.06729285167363e-6,1.2309594173482
AG,3.03032693716475e-6,1.2309594173483
HN,3.02944545461530e-6,1.2309594173483
AG,6.39866007448536e-6,1.2309594173484
HN,6.39869478868188e-6,1.2309594173484
AG,1.28880892825574e-5,1.2309594173485
HN,1.28888041015879e-5,1.2309594173485
AG,4.20433257552817e-6,1.2309594173486
HN,4.20442014837054e-6,1.2309594173486
AG,3.15494352911089e-6,1.2309594173487
HN,3.15497972727549e-6,1.2309594173487
AG,3.29205665739416e-6,1.2309594173488
HN,3.29146805058497e-6,1.2309594173488
AG,0.000500665133212652,1.23095941635
HN,0.000500650383899426,1.23095941635
AG,0.000492484007064480,1.23095941636
HN,0.000492469895497012,1.23095941636
AG,0.000486498008036960,1.23095941637
HN,0.000486483576058647,1.23095941637
AG,0.000482903013619555,1.23095941638
HN,0.000482888696032697,1.23095941638
AG,0.000476854202808137,1.23095941639
HN,0.000476838765783823,1.23095941639
AG,0.000472326676162293,1.2309594164
HN,0.000472311702087498,1.2309594164
AG,0.000468576750035501,1.23095941641
HN,0.000468562070600987,1.23095941641
AG,0.000358623645059828,1.23095941663
HN,0.000358613360355779,1.23095941663
AG,0.000354461588566349,1.23095941664
HN,0.000354450257311043,1.23095941664
AG,0.000347934020861018,1.23095941665
HN,0.000347923731924652,1.23095941665
AG,0.000342466597216954,1.23095941666
HN,0.000342456401100003,1.23095941666
AG,0.000337892955296815,1.23095941667
HN,0.000337884153409541,1.23095941667
AG,0.000331685813386977,1.23095941668
HN,0.000331676150338781,1.23095941668
AG,0.000329346900844937,1.23095941669
HN,0.000329338163603687,1.23095941669
AG,7.81733288776347e-5,1.23095941719
HN,7.81720016452432e-5,1.23095941719
AG,7.19061928574736e-5,1.2309594172
HN,7.19042855055252e-5,1.2309594172
AG,6.46286074463391e-5,1.23095941721
HN,6.46264651743109e-5,1.23095941721
AG,6.07427273024517e-5,1.23095941722
HN,6.07414871485072e-5,1.23095941722
AG,5.65759794558553e-5,1.23095941723
HN,5.65735071568209e-5,1.23095941723
AG,5.11634380793046e-5,1.23095941724
HN,5.11618402024302e-5,1.23095941724
AG,4.43971640195095e-5,1.23095941725
HN,4.43962605229535e-5,1.23095941725
AG,0.000241489049074750,1.23095941782
HN,0.000241480060475558,1.23095941782
AG,0.000246695676236922,1.23095941783
HN,0.000246687710198307,1.23095941783
AG,0.000252713542670330,1.23095941784
HN,0.000252704530341976,1.23095941784
AG,0.000255548251642169,1.23095941785
HN,0.000255540900314450,1.23095941785
AG,0.000261717295754880,1.23095941786
HN,0.000261709535103004,1.23095941786
AG,0.000265952849297756,1.23095941787
HN,0.000265944756840654,1.23095941787
AG,0.000271385554925100,1.23095941788
HN,0.000271376329224471,1.23095941788
